City_ID,City,Country,Date,Lat,Lng,Max Temp,Humidity,Cloudiness,Wind Speed
0,Bang Saphan,TH,2020-06-27 20:36:24,11.21,99.51,77.34,86,99,4.76
1,Norman Wells,CA,2020-06-27 20:48:41,65.28,-126.83,60.8,51,75,16.11
2,New Norfolk,AU,2020-06-27 20:48:41,-42.78,147.06,37.99,93,27,2.68
3,Springbok,ZA,2020-06-27 20:48:41,-29.66,17.89,46.06,89,45,6.11
4,Carnarvon,AU,2020-06-27 20:48:41,-24.87,113.63,64.4,100,90,9.17
5,Vaini,TO,2020-06-27 20:46:31,-21.2,-175.2,77.0,88,20,5.82
6,Alofi,NU,2020-06-27 20:48:42,-19.06,-169.92,77.0,78,75,6.93
7,Sambava,MG,2020-06-27 20:48:42,-14.27,50.17,70.97,86,6,11.5
8,Saint-Philippe,RE,2020-06-27 20:46:47,-21.36,55.77,71.6,73,75,5.82
9,Namatanai,PG,2020-06-27 20:48:42,-3.67,152.43,79.88,81,79,4.81
10,Te Anau,NZ,2020-06-27 20:48:42,-45.42,167.72,40.87,87,88,3.15
11,Hervey Bay,AU,2020-06-27 20:48:42,-25.3,152.85,54.0,92,11,7.0
12,Nikolskoye,RU,2020-06-27 20:48:42,59.7,30.79,66.2,63,14,2.01
13,Butaritari,KI,2020-06-27 20:48:42,3.07,172.79,82.81,75,47,17.85
14,Rikitea,PF,2020-06-27 20:48:42,-23.12,-134.97,71.26,72,0,16.08
15,Gamba,GA,2020-06-27 20:48:42,-2.65,10.0,71.15,86,39,5.88
16,Zhigansk,RU,2020-06-27 20:48:42,66.77,123.37,69.78,48,0,3.44
17,Mehamn,NO,2020-06-27 20:48:42,71.04,27.85,43.81,89,97,15.57
18,Kodiak,US,2020-06-27 20:46:36,57.79,-152.41,53.6,58,1,6.93
19,Katsuura,JP,2020-06-27 20:48:42,35.13,140.3,75.2,100,75,11.41
20,Eldama Ravine,KE,2020-06-27 20:48:42,0.05,35.73,59.0,82,75,4.7
21,Samfya,ZM,2020-06-27 20:48:42,-11.36,29.56,68.56,46,65,4.94
22,Puerto Ayora,EC,2020-06-27 20:48:42,-0.74,-90.35,80.6,57,57,19.46
23,Bambous Virieux,MU,2020-06-27 20:46:58,-20.34,57.76,72.0,88,40,11.41
24,Saskylakh,RU,2020-06-27 20:48:42,71.92,114.08,51.24,64,0,4.81
25,Avarua,CK,2020-06-27 20:48:05,-21.21,-159.78,75.2,57,33,13.87
26,College,US,2020-06-27 20:48:42,64.86,-147.8,66.0,48,75,8.05
27,Roebourne,AU,2020-06-27 20:48:42,-20.78,117.13,66.97,28,0,6.29
28,Hofn,IS,2020-06-27 20:48:42,64.25,-15.21,53.89,86,100,15.05
29,East London,ZA,2020-06-27 20:48:42,-33.02,27.91,67.12,27,11,16.96
30,Barrow,US,2020-06-27 20:48:42,71.29,-156.79,60.8,48,1,14.99
31,Ushuaia,AR,2020-06-27 20:48:42,-54.8,-68.3,37.4,59,75,21.92
32,Anchorage,US,2020-06-27 20:47:00,61.22,-149.9,64.4,45,1,6.93
33,Upernavik,GL,2020-06-27 20:46:53,72.79,-56.15,39.49,81,40,7.02
34,Dikson,RU,2020-06-27 20:48:42,73.51,80.55,45.16,83,1,10.0
35,Staryy Nadym,RU,2020-06-27 20:48:42,65.61,72.68,45.19,86,69,5.12
36,Dauphin,CA,2020-06-27 20:48:31,51.15,-100.05,89.6,33,1,24.16
37,Ribeira Grande,PT,2020-06-27 20:47:01,38.52,-28.7,69.8,88,40,9.17
38,Iqaluit,CA,2020-06-27 20:48:42,63.75,-68.51,42.8,75,20,8.05
39,Jamestown,US,2020-06-27 20:44:17,42.1,-79.24,75.0,78,90,10.29
40,Luau,AO,2020-06-27 20:48:42,-10.71,22.22,63.37,39,0,2.95
41,Shambu,ET,2020-06-27 20:48:43,9.57,37.1,53.4,100,82,2.75
42,Khatanga,RU,2020-06-27 20:48:43,71.97,102.5,70.57,48,98,10.8
43,Mataura,NZ,2020-06-27 20:48:43,-46.19,168.86,43.02,91,100,2.13
44,Cape Town,ZA,2020-06-27 20:48:43,-33.93,18.42,60.01,71,40,6.93
45,Mandalgovi,MN,2020-06-27 20:48:43,45.76,106.27,66.76,35,100,6.44
46,Yarensk,RU,2020-06-27 20:48:43,62.17,49.09,47.34,93,100,8.52
47,Aswan,EG,2020-06-27 20:48:43,24.09,32.91,87.53,19,0,11.27
48,Pevek,RU,2020-06-27 20:48:43,69.7,170.31,32.76,96,86,20.62
49,Itapora,BR,2020-06-27 20:48:43,-22.08,-54.79,64.2,79,95,3.22
50,Sistranda,NO,2020-06-27 20:48:43,63.73,8.83,66.2,77,40,8.05
51,Gladstone,AU,2020-06-27 20:48:43,-23.85,151.25,62.6,67,75,8.05
52,Kununurra,AU,2020-06-27 20:48:43,-15.77,128.73,55.4,40,24,6.58
53,Punta Arenas,CL,2020-06-27 20:44:09,-53.15,-70.92,39.2,60,0,5.82
54,Vestmanna,FO,2020-06-27 20:48:43,62.16,-7.17,59.0,93,96,12.75
55,Hobart,AU,2020-06-27 20:48:43,-42.88,147.33,39.2,86,41,9.17
56,Hithadhoo,MV,2020-06-27 20:48:43,-0.6,73.08,84.47,74,83,9.22
57,Ilulissat,GL,2020-06-27 20:48:43,69.22,-51.1,37.4,86,75,4.7
58,Atambua,ID,2020-06-27 20:48:43,-9.11,124.89,68.49,86,58,5.32
59,Busselton,AU,2020-06-27 20:46:31,-33.65,115.33,62.01,70,100,23.98
60,Muhos,FI,2020-06-27 20:48:43,64.81,25.99,60.8,51,95,11.41
61,Arraial Do Cabo,BR,2020-06-27 20:45:46,-22.97,-42.03,71.6,88,5,17.22
62,Faanui,PF,2020-06-27 20:48:43,-16.48,-151.75,77.05,74,68,16.15
63,Isangel,VU,2020-06-27 20:48:43,-19.55,169.27,71.37,75,28,13.42
64,Bluff,NZ,2020-06-27 20:46:29,-46.6,168.33,48.74,88,100,5.08
65,Albany,US,2020-06-27 20:45:32,42.6,-73.97,68.0,90,100,1.63
66,Mar Del Plata,AR,2020-06-27 20:48:43,-38.0,-57.56,45.0,93,90,4.7
67,Qaanaaq,GL,2020-06-27 20:48:43,77.48,-69.36,41.56,72,0,2.51
68,Hilo,US,2020-06-27 20:48:43,19.73,-155.09,82.4,58,1,9.17
69,Thompson,CA,2020-06-27 20:48:43,55.74,-97.86,71.6,64,90,2.24
70,Tessalit,ML,2020-06-27 20:48:43,20.2,1.01,97.29,9,61,3.8
71,Pombia,IT,2020-06-27 20:48:43,45.65,8.63,75.2,73,54,5.82
72,Cabra,ES,2020-06-27 20:48:43,37.47,-4.44,82.0,35,0,3.94
73,Beloha,MG,2020-06-27 20:48:43,-25.17,45.05,64.63,89,0,6.08
74,Sao Joao Da Barra,BR,2020-06-27 20:48:44,-21.64,-41.05,77.0,69,2,11.41
75,Lagunas,PE,2020-06-27 20:48:44,-5.23,-75.68,80.13,91,97,2.55
76,Makokou,GA,2020-06-27 20:48:44,0.57,12.86,70.57,92,43,0.69
77,Brownwood,US,2020-06-27 20:48:44,31.71,-98.99,91.4,36,40,16.11
78,Bassano,CA,2020-06-27 20:48:44,50.78,-112.47,69.01,54,83,4.0
79,Tautira,PF,2020-06-27 20:48:44,-17.73,-149.15,80.6,69,75,3.36
80,Port Elizabeth,ZA,2020-06-27 20:48:44,-33.92,25.57,57.2,87,100,24.16
81,Tuktoyaktuk,CA,2020-06-27 20:48:44,69.45,-133.04,37.4,93,90,20.8
82,Tashtyp,RU,2020-06-27 20:48:44,52.79,89.9,58.68,86,63,4.38
83,Fortuna,US,2020-06-27 20:48:44,40.6,-124.16,63.0,87,40,14.99
84,Santo Domingo,DO,2020-06-27 20:45:54,18.5,-69.99,93.2,59,40,11.41
85,Port-Gentil,GA,2020-06-27 20:48:44,-0.72,8.78,75.2,88,40,8.05
86,Hermanus,ZA,2020-06-27 20:48:44,-34.42,19.23,54.0,85,57,1.01
87,Hualmay,PE,2020-06-27 20:46:53,-11.1,-77.61,67.64,69,85,10.09
88,Bethel,US,2020-06-27 20:46:39,41.37,-73.41,72.0,88,90,9.17
89,Batagay-Alyta,RU,2020-06-27 20:48:44,67.8,130.41,69.98,55,6,3.56
90,Makakilo City,US,2020-06-27 20:48:44,21.35,-158.09,84.2,58,75,6.55
91,Port Alfred,ZA,2020-06-27 20:46:38,-33.59,26.89,62.29,61,80,26.62
92,Cervo,ES,2020-06-27 20:48:44,43.67,-7.41,64.0,82,16,4.0
93,Kamenka,RU,2020-06-27 20:48:44,51.32,42.77,66.0,72,0,1.01
94,Sao Filipe,CV,2020-06-27 20:48:44,14.9,-24.5,74.39,82,0,9.95
95,Visselhovede,DE,2020-06-27 20:48:44,52.98,9.6,69.01,90,10,1.99
96,Myanaung,MM,2020-06-27 20:48:45,18.28,95.32,76.28,87,98,4.18
97,Mtambile,TZ,2020-06-27 20:48:45,-5.38,39.7,76.91,83,0,11.52
98,Houma,US,2020-06-27 20:48:45,29.6,-90.72,89.01,79,40,9.17
99,Kawalu,ID,2020-06-27 20:48:45,-7.38,108.21,70.66,93,56,1.19
100,Kuytun,RU,2020-06-27 20:48:45,54.34,101.5,55.74,96,90,3.29
101,Rapid Valley,US,2020-06-27 20:48:45,44.06,-103.15,91.4,29,1,16.11
102,Joroan,PH,2020-06-27 20:48:45,13.49,123.62,79.66,83,100,6.78
103,Maraba,BR,2020-06-27 20:48:45,-5.37,-49.12,95.0,41,40,3.36
104,Kalachinsk,RU,2020-06-27 20:48:45,55.05,74.58,49.69,97,98,6.11
105,Lixourion,GR,2020-06-27 20:48:45,38.2,20.43,73.51,75,0,6.93
106,Inhambane,MZ,2020-06-27 20:48:45,-23.86,35.38,67.95,57,0,10.02
107,Ferme-Neuve,CA,2020-06-27 20:48:45,46.7,-75.45,68.65,93,100,6.06
108,Ayacucho,PE,2020-06-27 20:48:45,-13.16,-74.22,70.07,25,54,3.58
109,Saint George,US,2020-06-27 20:48:45,37.1,-113.58,100.99,9,1,12.75
110,Turukhansk,RU,2020-06-27 20:48:45,65.82,87.98,64.04,74,52,11.9
111,Ocos,GT,2020-06-27 20:48:45,14.51,-92.19,93.2,70,20,9.17
112,Andapa,MG,2020-06-27 20:48:45,-14.65,49.65,62.26,90,31,2.66
113,San Quintin,MX,2020-06-27 20:47:01,30.48,-115.95,70.65,67,5,11.95
114,Abonnema,NG,2020-06-27 20:48:45,4.71,6.79,75.67,87,100,6.82
115,Kapaa,US,2020-06-27 20:48:45,22.08,-159.32,82.99,69,20,13.87
116,Baykit,RU,2020-06-27 20:48:46,61.67,96.37,63.19,64,100,3.0
117,El Penon,CO,2020-06-27 20:48:46,8.99,-73.95,88.0,73,55,5.46
118,Pivijay,CO,2020-06-27 20:48:46,10.46,-74.62,89.6,66,75,9.17
119,Cherskiy,RU,2020-06-27 20:48:46,68.75,161.3,40.15,68,0,13.04
120,Severo-Kurilsk,RU,2020-06-27 20:48:46,50.68,156.12,52.12,59,97,9.95
121,San Carlos De Bariloche,AR,2020-06-27 20:47:35,-41.15,-71.31,32.0,95,90,4.7
122,Mount Isa,AU,2020-06-27 20:48:46,-20.73,139.5,53.6,37,0,5.82
123,Yar-Sale,RU,2020-06-27 20:48:46,66.83,70.83,44.26,77,0,8.99
124,Deori Khas,IN,2020-06-27 20:48:46,23.4,79.02,82.09,71,100,9.84
125,Cidreira,BR,2020-06-27 20:46:41,-30.18,-50.21,56.44,64,56,8.14
126,Gonda,IN,2020-06-27 20:48:46,27.13,81.93,85.48,70,86,2.01
127,Catamarca,AR,2020-06-27 20:48:46,-28.47,-65.79,59.0,59,93,1.92
128,Atuona,PF,2020-06-27 20:46:29,-9.8,-139.03,79.9,75,3,10.2
129,Turochak,RU,2020-06-27 20:48:46,52.26,87.12,58.82,90,68,2.55
130,San Patricio,MX,2020-06-27 20:48:46,19.22,-104.7,91.4,59,75,5.82
131,Provideniya,RU,2020-06-27 20:48:46,64.38,-173.3,39.2,74,96,10.78
132,Lufilufi,WS,2020-06-27 20:48:46,-13.87,-171.6,78.8,94,75,3.36
133,Bengkulu,ID,2020-06-27 20:47:02,-3.8,102.27,76.55,84,92,3.69
134,Chokurdakh,RU,2020-06-27 20:46:48,70.63,147.92,54.52,41,100,13.85
135,Sept-Iles,CA,2020-06-27 20:48:46,50.2,-66.38,68.0,68,75,12.75
136,Udachnyy,RU,2020-06-27 20:48:46,66.42,112.4,62.6,67,78,2.24
137,Luderitz,NA,2020-06-27 20:48:46,-26.65,15.16,57.2,71,0,13.87
138,Georgetown,MY,2020-06-27 20:48:46,5.41,100.34,82.4,94,20,4.7
139,Nome,US,2020-06-27 20:48:46,64.5,-165.41,44.6,93,90,21.92
140,Pacific Grove,US,2020-06-27 20:44:55,36.62,-121.92,75.99,68,1,11.41
141,Lodja,CD,2020-06-27 20:48:46,-3.48,23.43,78.55,53,85,1.68
142,Calvinia,ZA,2020-06-27 20:48:46,-31.47,19.78,47.08,90,100,21.74
143,Verkhnevilyuysk,RU,2020-06-27 20:48:46,63.45,120.32,67.3,65,53,1.07
144,Mount Gambier,AU,2020-06-27 20:48:35,-37.83,140.77,39.2,93,0,9.17
145,Lebu,CL,2020-06-27 20:48:47,-37.62,-73.65,53.46,84,100,9.64
146,Abu Dhabi,AE,2020-06-27 20:45:04,24.47,54.37,93.2,75,40,4.7
147,Bandarbeyla,SO,2020-06-27 20:48:47,9.49,50.81,81.34,70,96,29.24
148,Vila Velha,BR,2020-06-27 20:48:47,-20.33,-40.29,78.8,69,9,12.75
149,Lasa,IT,2020-06-27 20:48:47,46.62,10.7,60.8,67,75,2.24
150,Solnechnyy,RU,2020-06-27 20:48:47,50.72,136.63,59.9,73,55,4.0
151,Lorengau,PG,2020-06-27 20:48:47,-2.02,147.27,82.6,79,95,9.42
152,Shishou,CN,2020-06-27 20:48:47,29.72,112.42,79.07,85,100,9.91
153,Itoman,JP,2020-06-27 20:48:47,26.12,127.67,82.4,88,75,13.87
154,Marawi,PH,2020-06-27 20:48:47,8.0,124.29,73.99,95,87,7.0
155,Paducah,US,2020-06-27 20:45:14,37.08,-88.6,87.8,62,40,8.05
156,Beba,CU,2020-06-27 20:48:47,22.44,-79.73,89.6,62,40,18.34
157,Mahebourg,MU,2020-06-27 20:46:39,-20.41,57.7,69.8,88,40,11.41
158,Torbay,CA,2020-06-27 20:44:04,47.67,-52.73,55.0,87,90,5.82
159,Puerto El Triunfo,SV,2020-06-27 20:48:47,13.28,-88.55,95.0,55,20,7.56
160,Richards Bay,ZA,2020-06-27 20:48:47,-28.78,32.04,65.46,70,0,12.28
161,Narsaq,GL,2020-06-27 20:46:50,60.92,-46.05,55.4,50,64,8.05
162,Tabou,CI,2020-06-27 20:46:34,4.42,-7.35,75.65,83,84,9.26
163,Esperance,AU,2020-06-27 20:48:47,-33.87,121.9,55.4,58,90,13.87
164,Pushkar,IN,2020-06-27 20:48:47,26.5,74.55,88.38,51,0,17.45
165,Bafra,TR,2020-06-27 20:48:47,41.57,35.91,73.4,64,20,14.99
166,Nata,PA,2020-06-27 20:48:47,8.33,-80.52,82.56,78,100,6.85
167,Nsoko,SZ,2020-06-27 20:48:48,-27.03,31.95,53.6,76,0,6.33
168,Ankang,CN,2020-06-27 20:48:48,32.68,109.02,72.37,90,100,0.22
169,Coracora,PE,2020-06-27 20:48:48,-15.03,-73.78,59.92,30,0,6.67
170,Sitka,US,2020-06-27 20:48:48,57.05,-135.33,57.2,76,75,6.93
171,Constitucion,CL,2020-06-27 20:48:48,-35.33,-72.42,55.15,83,100,1.52
172,Sorland,NO,2020-06-27 20:48:48,67.67,12.69,55.27,73,94,20.22
173,Nha Trang,VN,2020-06-27 20:48:48,12.25,109.18,84.2,79,40,11.41
174,Puerto Madryn,AR,2020-06-27 20:48:48,-42.77,-65.04,39.42,68,0,3.76
175,Hobyo,SO,2020-06-27 20:48:48,5.35,48.53,79.21,73,100,25.46
176,Ancud,CL,2020-06-27 20:48:48,-41.87,-73.82,48.99,100,90,5.82
177,Husavik,IS,2020-06-27 20:48:48,66.04,-17.34,48.2,93,90,9.17
178,Pisco,PE,2020-06-27 20:48:46,-13.7,-76.22,64.99,82,6,9.17
179,Thessalon,CA,2020-06-27 20:48:48,46.25,-83.57,69.8,68,1,6.93
180,Hamilton,US,2020-06-27 20:47:51,39.18,-84.53,80.01,74,75,12.75
181,San Joaquin,VE,2020-06-27 20:48:48,10.26,-67.79,79.57,76,63,9.6
182,Saint Anthony,US,2020-06-27 20:48:48,45.02,-93.22,87.01,37,1,7.81
183,Bredasdorp,ZA,2020-06-27 20:46:32,-34.53,20.04,57.2,71,58,21.92
184,Manggar,ID,2020-06-27 20:48:48,-2.88,108.27,80.92,80,80,12.06
185,Tasiilaq,GL,2020-06-27 20:48:48,65.61,-37.64,44.6,93,75,9.17
186,Port Lincoln,AU,2020-06-27 20:46:33,-34.73,135.87,52.27,51,0,10.94
187,Seda,LV,2020-06-27 20:48:48,57.65,25.75,69.04,73,96,2.82
188,Daru,PG,2020-06-27 20:47:15,-9.08,143.21,77.4,85,73,16.87
189,Dickinson,US,2020-06-27 20:48:49,29.46,-95.05,90.0,70,75,14.99
190,Geraldton,AU,2020-06-27 20:48:49,-28.77,114.6,59.0,93,0,11.41
191,Talnakh,RU,2020-06-27 20:48:49,69.49,88.4,57.2,93,69,6.71
192,Vyazma,RU,2020-06-27 20:48:49,55.21,34.3,63.3,93,43,7.2
193,Touros,BR,2020-06-27 20:48:49,-5.2,-35.46,77.0,88,40,11.41
194,Eureka,US,2020-06-27 20:46:59,40.8,-124.16,68.0,20,43,4.0
195,Macas,EC,2020-06-27 20:48:49,-2.32,-78.12,78.8,54,40,5.82
196,San Diego,US,2020-06-27 20:46:25,32.72,-117.16,81.0,60,20,8.05
197,Karratha,AU,2020-06-27 20:48:49,-20.74,116.85,66.69,29,0,7.09
198,Marsh Harbour,BS,2020-06-27 20:45:00,26.54,-77.06,83.68,66,0,7.43
199,Laguna,US,2020-06-27 20:48:49,38.42,-121.42,88.0,37,1,13.87
200,Lata,PT,2020-06-27 20:48:49,40.16,-8.33,70.0,85,16,5.01
201,Dauriya,RU,2020-06-27 20:48:49,49.93,116.87,63.03,51,73,3.85
202,Tiksi,RU,2020-06-27 20:46:55,71.69,128.87,54.3,70,59,11.52
203,Yellowknife,CA,2020-06-27 20:45:03,62.46,-114.35,72.0,45,75,3.36
204,Castro,BR,2020-06-27 20:47:06,-24.79,-50.01,52.5,97,100,5.12
205,Iskateley,RU,2020-06-27 20:48:49,67.68,53.15,39.22,91,100,13.85
206,Ponta Do Sol,PT,2020-06-27 20:48:49,32.67,-17.1,71.6,78,40,12.75
207,Rawson,AR,2020-06-27 20:48:49,-43.3,-65.1,39.43,68,0,5.91
208,Codrington,AU,2020-06-27 20:48:49,-38.27,141.97,40.08,88,0,7.85
209,Porosozero,RU,2020-06-27 20:48:50,62.72,32.73,48.67,77,1,5.1
210,Obama,JP,2020-06-27 20:48:50,35.5,135.75,73.99,96,100,1.01
211,Wanning,CN,2020-06-27 20:48:50,18.8,110.4,81.27,88,4,9.22
212,Portland,US,2020-06-27 20:45:55,45.52,-122.68,70.0,49,75,11.41
213,Pundaguitan,PH,2020-06-27 20:48:50,6.37,126.17,80.67,76,79,5.06
214,Berlevag,NO,2020-06-27 20:48:50,70.86,29.09,44.31,89,100,15.21
215,Maumere,ID,2020-06-27 20:48:50,-8.62,122.21,76.28,81,65,6.55
216,Leshukonskoye,RU,2020-06-27 20:48:50,64.9,45.76,45.09,93,82,8.79
217,Fort Nelson,CA,2020-06-27 20:48:50,58.81,-122.7,69.8,43,75,13.87
218,Ribas Do Rio Pardo,BR,2020-06-27 20:48:50,-20.44,-53.76,66.74,93,100,1.83
219,Vitim,RU,2020-06-27 20:48:50,59.45,112.56,59.9,89,95,0.49
220,Dingli,MT,2020-06-27 20:48:50,35.86,14.38,75.99,88,1,6.93
221,Lazarev,RU,2020-06-27 20:48:50,52.23,141.51,48.88,97,51,0.72
222,Alexandria,EG,2020-06-27 20:48:50,31.22,29.96,75.2,83,40,9.17
223,Mustla,EE,2020-06-27 20:48:50,58.23,25.86,75.2,60,87,3.36
224,Lincoln,US,2020-06-27 20:48:50,40.8,-96.67,87.01,58,40,11.41
225,Chiredzi,ZW,2020-06-27 20:48:50,-21.05,31.67,64.72,42,0,3.6
226,Dicamay,PH,2020-06-27 20:48:50,16.76,122.0,74.64,81,100,1.9
227,Nanortalik,GL,2020-06-27 20:48:50,60.14,-45.24,42.85,86,84,1.97
228,Tual,ID,2020-06-27 20:48:50,-5.67,132.75,80.26,82,97,23.51
229,Kyrylivka,UA,2020-06-27 20:48:50,46.38,35.37,73.09,61,0,2.28
230,Adrar,MR,2020-06-27 20:48:50,20.5,-10.07,101.28,8,0,9.35
231,Solano,US,2020-06-27 20:48:50,38.23,-121.95,84.2,44,1,20.8
232,Byron Bay,AU,2020-06-27 20:48:50,-28.65,153.62,55.4,100,90,8.05
233,Auki,SB,2020-06-27 20:48:50,-8.77,160.7,80.44,80,100,5.26
234,Chuy,UY,2020-06-27 20:48:51,-33.7,-53.46,47.7,75,26,3.24
235,Winnemucca,US,2020-06-27 20:46:38,40.97,-117.74,96.8,12,75,20.8
236,Verkhnyaya Inta,RU,2020-06-27 20:48:51,65.98,60.31,42.01,87,98,4.18
237,Blacksburg,US,2020-06-27 20:48:34,37.23,-80.41,84.0,61,58,13.4
238,Kattivakkam,IN,2020-06-27 20:48:51,13.22,80.32,86.0,79,40,6.93
239,Fangshan,CN,2020-06-27 20:48:51,39.7,115.99,82.0,82,96,2.91
240,Lagoa,PT,2020-06-27 20:48:51,39.05,-27.98,66.99,95,61,11.59
241,Ahipara,NZ,2020-06-27 20:48:51,-35.17,173.17,56.5,74,4,13.2
242,Nikolayevsk-Na-Amure,RU,2020-06-27 20:48:51,53.14,140.73,53.91,83,72,3.13
243,Venado Tuerto,AR,2020-06-27 20:48:05,-33.75,-61.97,57.99,40,22,3.0
244,Lianyuan,CN,2020-06-27 20:48:51,27.69,111.66,76.89,87,100,3.87
245,Yamada,JP,2020-06-27 20:48:51,39.47,141.95,66.79,80,100,4.38
246,Hasaki,JP,2020-06-27 20:48:51,35.73,140.83,72.0,100,75,2.24
247,Zhuanghe,CN,2020-06-27 20:48:51,39.7,122.99,69.01,90,0,1.01
248,Altamont,US,2020-06-27 20:48:51,42.21,-121.74,81.0,30,20,10.29
249,Gat,IL,2020-06-27 20:48:51,31.61,34.76,78.01,89,0,1.21
250,Victoria,HK,2020-06-27 20:48:43,22.29,114.16,84.0,74,96,4.0
251,Komyshuvakha,UA,2020-06-27 20:48:51,47.72,35.53,73.99,52,0,4.47
252,Qaqortoq,GL,2020-06-27 20:48:51,60.72,-46.03,55.4,50,52,8.05
253,Hovd,MN,2020-06-27 20:48:51,48.01,91.64,65.46,32,1,4.99
254,Ust-Ishim,RU,2020-06-27 20:48:51,57.69,71.17,50.74,75,100,6.04
255,Uspenka,UA,2020-06-27 20:48:51,48.39,39.16,66.02,61,0,1.05
256,Ixtapa,MX,2020-06-27 20:48:51,20.7,-105.2,89.6,59,40,11.41
257,Port Hardy,CA,2020-06-27 20:48:52,50.7,-127.42,60.8,67,40,13.87
258,San Ignacio,BZ,2020-06-27 20:48:52,17.16,-89.07,89.01,94,75,4.7
259,Lampang,TH,2020-06-27 20:48:52,18.33,99.5,75.99,84,97,0.22
260,Kaitangata,NZ,2020-06-27 20:48:52,-46.28,169.85,48.99,92,98,5.01
261,Dawson,US,2020-06-27 20:48:52,31.77,-84.45,93.2,52,1,5.82
262,Landau,DE,2020-06-27 20:48:52,49.21,8.11,75.99,63,0,4.9
263,Jimo,CN,2020-06-27 20:48:52,36.39,120.46,71.6,94,40,2.55
264,Alakurtti,RU,2020-06-27 20:48:52,66.97,30.35,50.0,70,90,4.0
265,Zyryanka,RU,2020-06-27 20:48:52,65.75,150.85,65.39,35,6,11.83
266,Abaza,RU,2020-06-27 20:48:52,52.66,90.09,57.18,89,61,5.75
267,Villa Rica,US,2020-06-27 20:43:56,33.73,-84.92,82.0,100,90,21.92
268,Santa Isabel,BR,2020-06-27 20:48:52,-23.32,-46.22,60.8,87,75,2.33
269,Srednekolymsk,RU,2020-06-27 20:48:52,67.45,153.68,50.94,45,31,13.27
270,Asfi,MA,2020-06-27 20:48:52,32.3,-9.24,69.19,82,0,21.23
271,Abu Samrah,SY,2020-06-27 20:48:52,35.3,37.18,72.79,59,0,13.09
272,Presidente Olegario,BR,2020-06-27 20:48:52,-18.42,-46.42,66.99,65,76,5.99
273,Vila Do Maio,CV,2020-06-27 20:48:52,15.13,-23.22,78.8,74,75,16.11
274,Vila Franca Do Campo,PT,2020-06-27 20:48:52,37.72,-25.43,69.8,83,75,14.99
275,Kjollefjord,NO,2020-06-27 20:48:52,70.95,27.35,43.95,88,99,14.12
276,Barcelos,PT,2020-06-27 20:48:52,41.54,-8.62,68.0,88,40,2.24
277,Yenagoa,NG,2020-06-27 20:48:52,4.92,6.26,74.64,93,100,4.52
278,Boa Vista,BR,2020-06-27 20:48:52,2.82,-60.67,80.6,69,40,8.05
279,Roma,US,2020-06-27 20:44:04,43.21,-75.46,71.01,77,90,8.05
280,Ulladulla,AU,2020-06-27 20:48:53,-35.35,150.47,44.01,93,97,2.24
281,Chara,RU,2020-06-27 20:48:53,56.91,118.26,61.93,71,38,0.89
282,Ostrovnoy,RU,2020-06-27 20:48:53,68.05,39.51,42.48,85,100,17.98
283,West Plains,US,2020-06-27 20:44:46,36.73,-91.85,84.2,62,75,12.75
284,Los Llanos De Aridane,ES,2020-06-27 20:48:53,28.66,-17.92,73.4,64,75,16.11
285,Salalah,OM,2020-06-27 20:48:53,17.02,54.09,84.2,89,75,6.93
286,Oktyabrskiy,RU,2020-06-27 20:48:53,54.48,53.47,58.26,93,100,9.48
287,Bubaque,GW,2020-06-27 20:48:53,11.28,-15.83,81.86,84,92,14.34
288,Kalabo,ZM,2020-06-27 20:48:53,-14.97,22.68,57.79,49,0,1.95
289,Doha,QA,2020-06-27 20:48:53,25.29,51.53,90.0,66,12,2.24
290,Kargasok,RU,2020-06-27 20:48:53,59.06,80.86,62.78,92,100,10.33
291,Hay River,CA,2020-06-27 20:48:53,60.82,-115.8,66.2,55,20,4.7
292,Iwanai,JP,2020-06-27 20:48:53,42.97,140.51,61.79,90,99,4.63
293,Kavieng,PG,2020-06-27 20:48:53,-2.57,150.8,81.99,78,79,9.75
294,Grand Gaube,MU,2020-06-27 20:48:53,-20.01,57.66,72.0,79,58,5.99
295,Zhenlai,CN,2020-06-27 20:48:53,45.85,123.3,67.87,69,49,7.63
296,Adeje,ES,2020-06-27 20:48:53,28.12,-16.73,73.99,64,20,21.92
297,Pangnirtung,CA,2020-06-27 20:47:05,66.15,-65.71,50.11,61,65,3.89
298,La Rioja,ES,2020-06-27 20:48:53,42.25,-2.5,77.0,61,0,4.7
299,Kamaishi,JP,2020-06-27 20:48:53,39.27,141.88,67.32,79,100,4.72
300,Riyadh,SA,2020-06-27 20:48:53,24.69,46.72,89.6,22,14,2.24
301,Bilibino,RU,2020-06-27 20:48:53,68.05,166.44,40.32,65,44,9.82
302,Wanaka,NZ,2020-06-27 20:48:53,-44.7,169.15,36.0,91,100,2.77
303,Miraflores,MX,2020-06-27 20:48:53,19.22,-98.81,77.0,29,40,10.29
304,Rumuruti,KE,2020-06-27 20:48:53,0.27,36.54,57.63,82,2,7.31
305,Boende,CD,2020-06-27 20:48:54,-0.22,20.87,72.52,90,51,1.28
306,Morgan City,US,2020-06-27 20:48:54,29.7,-91.21,87.8,74,40,6.93
307,Shingu,JP,2020-06-27 20:48:54,33.73,135.98,73.0,96,100,7.14
308,Buala,SB,2020-06-27 20:48:54,-8.14,159.59,81.23,78,75,4.59
309,Faya,SA,2020-06-27 20:48:54,18.39,42.45,80.6,16,92,6.93
310,Flinders,AU,2020-06-27 20:48:54,-34.58,150.86,45.0,86,48,1.99
311,Kalaleh,IR,2020-06-27 20:48:54,37.38,55.49,73.4,64,0,6.93
312,Diego De Almagro,CL,2020-06-27 20:48:54,-26.37,-70.05,70.29,23,9,9.8
313,Shimoda,JP,2020-06-27 20:48:54,34.67,138.95,69.01,93,100,5.32
314,Oistins,BB,2020-06-27 20:48:54,13.07,-59.53,86.0,70,20,20.8
315,Tocopilla,CL,2020-06-27 20:48:54,-22.09,-70.2,65.75,55,26,1.99
316,Filiatra,GR,2020-06-27 20:48:54,37.15,21.58,73.99,83,20,6.38
317,Banjar,ID,2020-06-27 20:48:54,-8.19,114.97,78.8,100,75,11.41
318,Goderich,CA,2020-06-27 20:45:02,43.75,-81.72,82.99,84,47,5.99
319,Clyde River,CA,2020-06-27 20:48:54,70.47,-68.59,44.6,81,20,5.82
320,Williams Lake,CA,2020-06-27 20:48:54,52.14,-122.14,53.6,66,75,4.7
321,Hami,CN,2020-06-27 20:48:54,42.8,93.45,74.68,37,0,4.88
322,Limbang,MY,2020-06-27 20:48:54,4.75,115.0,75.2,88,75,3.36
323,Kananga,CD,2020-06-27 20:48:54,-5.9,22.42,74.05,41,30,2.8
324,Jaciara,BR,2020-06-27 20:48:54,-15.97,-54.97,77.23,65,2,8.57
325,Meulaboh,ID,2020-06-27 20:44:09,4.14,96.13,76.01,87,51,3.58
326,Rio Grande,BR,2020-06-27 20:46:39,-32.03,-52.1,55.4,58,75,5.82
327,Vardo,NO,2020-06-27 20:48:54,70.37,31.11,44.74,87,98,15.39
328,Port Blair,IN,2020-06-27 20:48:54,11.67,92.75,81.99,80,100,8.01
329,Muzhi,RU,2020-06-27 20:48:55,65.37,64.67,41.49,84,46,4.03
330,Dunaszekcso,HU,2020-06-27 20:48:55,46.09,18.76,71.6,88,0,4.7
331,Fare,PF,2020-06-27 20:48:55,-16.7,-151.02,77.58,73,76,16.33
332,Lundazi,ZM,2020-06-27 20:48:55,-12.29,33.18,62.6,62,6,6.53
333,Havelock,US,2020-06-27 20:48:55,34.88,-76.9,87.8,55,40,6.93
334,Margate,GB,2020-06-27 20:48:55,51.38,1.39,63.0,80,99,5.01
335,Necochea,AR,2020-06-27 20:48:55,-38.55,-58.74,44.01,94,100,1.99
336,Quatre Cocos,MU,2020-06-27 20:48:55,-20.21,57.76,72.0,88,40,11.41
337,Columbus,US,2020-06-27 20:44:22,39.96,-83.0,81.0,73,75,8.05
338,Poplar Bluff,US,2020-06-27 20:43:59,36.76,-90.39,86.0,62,20,12.75
339,Charters Towers,AU,2020-06-27 20:48:55,-20.1,146.27,58.1,78,20,7.14
340,Viedma,AR,2020-06-27 20:48:55,-40.81,-63.0,42.4,66,61,5.95
341,Manzhouli,CN,2020-06-27 20:48:55,49.6,117.43,64.24,50,34,3.47
342,Sebeta,ET,2020-06-27 20:48:55,8.92,38.62,62.6,82,20,8.05
343,Airai,TL,2020-06-27 20:48:55,-8.93,125.41,55.36,98,30,3.36
344,Peleduy,RU,2020-06-27 20:48:55,59.63,112.74,59.95,87,77,2.21
345,Teguldet,RU,2020-06-27 20:48:55,57.31,88.17,59.97,96,0,5.79
346,Beian,NO,2020-06-27 20:48:55,63.66,9.57,66.2,77,40,8.05
347,Rocha,UY,2020-06-27 20:48:55,-34.48,-54.33,44.85,78,45,4.65
348,San Jose,US,2020-06-27 20:45:09,37.34,-121.89,91.99,48,20,12.75
349,Kazanka,UA,2020-06-27 20:48:55,47.85,32.82,69.8,64,37,4.47
350,Lompoc,US,2020-06-27 20:48:55,34.64,-120.46,70.0,64,10,14.99
351,Balkanabat,TM,2020-06-27 20:48:55,39.51,54.37,77.05,17,55,17.78
352,Millville,US,2020-06-27 20:48:55,39.4,-75.04,87.01,51,1,8.05
353,Cartagena,CO,2020-06-27 20:44:40,10.4,-75.51,86.0,74,40,6.93
354,Peniche,PT,2020-06-27 20:48:55,39.36,-9.38,68.0,90,0,7.0
355,Dalvik,IS,2020-06-27 20:48:56,65.97,-18.53,48.2,93,90,9.17
356,Along,IN,2020-06-27 20:48:56,28.17,94.77,72.12,89,99,1.19
357,Nemuro,JP,2020-06-27 20:48:56,43.32,145.57,50.5,97,100,13.87
358,Tanda,IN,2020-06-27 20:48:56,26.55,82.65,84.04,74,97,4.32
359,Benghazi,LY,2020-06-27 20:48:56,32.12,20.07,74.21,77,0,11.79
360,Northam,GB,2020-06-27 20:48:56,51.03,-4.22,55.99,90,62,14.0
361,Mamit,IN,2020-06-27 20:48:56,23.93,92.48,71.13,100,100,5.03
362,Saint-Louis,SN,2020-06-27 20:48:56,16.33,-15.0,88.16,37,21,18.3
363,Alice Springs,AU,2020-06-27 20:48:56,-23.7,133.88,32.0,70,0,4.7
364,Deputatskiy,RU,2020-06-27 20:48:56,69.3,139.9,63.73,52,86,4.94
365,Proletariy,RU,2020-06-27 20:48:56,58.43,31.7,64.42,71,13,2.35
366,Manoel Urbano,BR,2020-06-27 20:48:56,-8.84,-69.26,80.96,89,97,1.16
367,Salinopolis,BR,2020-06-27 20:48:56,-0.61,-47.36,80.11,84,25,9.48
368,Puerto Madero,MX,2020-06-27 20:48:56,14.72,-92.42,91.4,70,20,9.17
369,Prince Rupert,CA,2020-06-27 20:48:56,54.32,-130.32,51.8,100,90,3.36
370,Odweyne,SO,2020-06-27 20:46:43,9.41,45.06,77.9,49,77,15.05
371,Manturovo,RU,2020-06-27 20:48:56,58.34,44.76,48.56,94,0,4.45
372,Maine-Soroa,NE,2020-06-27 20:48:56,13.21,12.02,92.12,29,81,14.79
373,Huntingdon,GB,2020-06-27 20:48:56,52.33,-0.19,62.01,67,13,11.01
374,Sozimskiy,RU,2020-06-27 20:48:56,59.74,52.25,47.55,95,100,8.77
375,Sinnamary,GF,2020-06-27 20:48:56,5.38,-52.95,81.72,76,60,7.67
376,Cabo San Lucas,MX,2020-06-27 20:48:56,22.89,-109.91,87.8,58,90,9.17
377,San Cristobal,VE,2020-06-27 20:48:56,7.77,-72.22,87.8,58,40,6.93
378,Mago,RU,2020-06-27 20:48:56,53.25,140.18,52.79,83,91,2.33
379,Pendleton,US,2020-06-27 20:44:40,45.67,-118.79,80.6,13,1,25.28
380,Evensk,RU,2020-06-27 20:48:56,61.95,159.23,52.23,74,39,6.08
381,Ibipeba,BR,2020-06-27 20:48:56,-11.64,-42.01,70.32,55,16,5.64
382,Gari,RU,2020-06-27 20:48:57,59.43,62.35,49.86,85,99,4.59
383,Korla,CN,2020-06-27 20:48:57,41.76,86.15,84.0,71,97,1.99
384,Idappadi,IN,2020-06-27 20:48:57,11.58,77.85,79.59,77,80,5.23
385,Betioky,MG,2020-06-27 20:48:57,-23.72,44.38,63.91,93,0,0.51
386,Milkovo,RU,2020-06-27 20:48:57,54.72,158.62,63.7,57,62,1.45
387,Taman,RU,2020-06-27 20:48:57,45.21,36.72,64.4,82,0,4.47
388,Estrela,BR,2020-06-27 20:48:57,-28.06,-50.94,46.99,95,100,3.33
389,Kedrovyy,RU,2020-06-27 20:48:57,56.17,91.82,57.2,100,82,2.24
390,Sri Aman,MY,2020-06-27 20:48:57,1.24,111.46,77.0,94,100,3.36
391,Griffith,US,2020-06-27 20:48:57,41.53,-87.42,90.0,55,40,5.75
392,Sisophon,KH,2020-06-27 20:48:57,13.59,102.97,77.04,88,73,3.58
393,Ipaba,BR,2020-06-27 20:48:57,-19.41,-42.42,69.87,73,9,1.74
394,Keti Bandar,PK,2020-06-27 20:48:57,24.14,67.45,86.43,78,4,19.51
395,Nouakchott,MR,2020-06-27 20:44:35,18.09,-15.98,77.0,83,40,17.22
396,Jacareacanga,BR,2020-06-27 20:48:57,-6.22,-57.75,86.92,52,1,1.43
397,San Lawrenz,MT,2020-06-27 20:48:57,36.06,14.2,75.99,88,0,6.93
398,Kushima,JP,2020-06-27 20:48:57,31.46,131.23,75.2,88,90,12.75
399,Vao,NC,2020-06-27 20:48:57,-22.67,167.48,69.87,65,3,15.48
400,Karasjok,NO,2020-06-27 20:48:57,69.47,25.51,48.2,76,61,21.92
401,Santa Rosa,PH,2020-06-27 20:48:57,14.31,121.11,79.0,94,90,1.12
402,Novyy Urengoy,RU,2020-06-27 20:48:57,66.08,76.63,50.41,73,100,3.76
403,Williston,US,2020-06-27 20:48:57,48.15,-103.62,97.0,28,18,5.99
404,Shache,CN,2020-06-27 20:46:59,38.42,77.24,70.27,30,40,9.04
405,Asau,RO,2020-06-27 20:48:58,46.43,26.4,66.0,75,0,5.3
406,Natal,BR,2020-06-27 20:48:58,-5.79,-35.21,77.0,88,40,11.41
407,Sao Gabriel Da Cachoeira,BR,2020-06-27 20:48:58,-0.13,-67.09,82.11,88,100,2.62
408,Aklavik,CA,2020-06-27 20:48:58,68.22,-135.01,51.8,43,75,11.41
409,Ryotsu,JP,2020-06-27 20:48:58,38.08,138.43,68.0,100,90,1.12
410,Palaikastron,GR,2020-06-27 20:48:58,35.2,26.25,77.0,54,0,14.0
411,Pitalito,CO,2020-06-27 20:47:16,1.85,-76.05,73.72,70,19,3.33
412,Petropavlovsk-Kamchatskiy,RU,2020-06-27 20:48:58,53.05,158.65,62.6,72,9,6.71
413,Nortelandia,BR,2020-06-27 20:48:58,-14.45,-56.8,81.5,53,0,6.4
414,Noyabrsk,RU,2020-06-27 20:48:58,63.2,75.45,50.7,96,100,10.18
415,Chitral,PK,2020-06-27 20:48:58,35.85,71.79,72.61,31,39,3.78
416,Taoudenni,ML,2020-06-27 20:48:58,22.68,-3.98,102.67,7,0,10.13
417,Huoqiu,CN,2020-06-27 20:48:58,32.34,116.27,71.29,97,100,13.24
418,Ilo,PE,2020-06-27 20:48:58,-17.64,-71.34,63.7,72,0,4.34
419,Tuatapere,NZ,2020-06-27 20:48:58,-46.13,167.68,45.59,83,100,2.01
420,Belomorsk,RU,2020-06-27 20:48:58,64.52,34.77,49.23,75,74,3.6
421,Dicabisagan,PH,2020-06-27 20:48:58,17.08,122.42,79.48,74,100,1.99
422,Bintulu,MY,2020-06-27 20:48:58,3.17,113.03,75.2,94,40,4.7
423,Safaga,EG,2020-06-27 20:48:58,26.73,33.94,86.0,42,0,7.9
424,Bac Lieu,VN,2020-06-27 20:48:58,9.29,105.72,79.27,83,100,7.83
425,Dagumba-An,PH,2020-06-27 20:48:58,8.15,124.59,73.99,95,97,7.0
426,Parkes,AU,2020-06-27 20:48:58,-33.13,148.18,42.01,95,80,6.58
427,Kavaratti,IN,2020-06-27 20:48:58,10.57,72.64,83.79,75,62,18.66
428,Sivaki,RU,2020-06-27 20:48:58,52.63,126.75,59.2,96,100,3.27
429,Carlsbad,US,2020-06-27 20:48:58,33.16,-117.35,78.01,69,1,11.41
430,Takaka,NZ,2020-06-27 20:48:58,-40.85,172.8,55.99,89,33,5.99
431,Oktyabrskoye,RU,2020-06-27 20:48:58,43.06,44.74,62.6,72,85,8.95
432,Yambio,SS,2020-06-27 20:48:58,4.57,28.4,66.85,93,82,1.32
433,Praxedis Guerrero,MX,2020-06-27 20:48:58,31.37,-106.02,99.0,13,75,9.17
434,Muscat,OM,2020-06-27 20:48:59,23.61,58.59,95.0,50,31,1.12
435,Sabang,ID,2020-06-27 20:48:59,5.89,95.32,81.86,75,40,8.48
436,Cape Coast,GH,2020-06-27 20:48:29,5.11,-1.25,76.89,87,99,12.17
437,Klaksvik,FO,2020-06-27 20:48:59,62.23,-6.59,59.0,93,98,12.75
438,Zaozerne,UA,2020-06-27 20:48:59,45.16,33.28,71.53,54,0,8.12
439,Atar,MR,2020-06-27 20:48:59,20.52,-13.05,102.13,9,11,11.32
440,Juli,PE,2020-06-27 20:48:59,-16.22,-69.45,48.78,42,0,3.71
441,Madras,IN,2020-06-27 20:48:02,13.09,80.28,86.0,79,40,6.93
442,Ashland,US,2020-06-27 20:48:59,40.82,-82.27,78.8,74,75,9.17
443,Srandakan,ID,2020-06-27 20:48:59,-7.94,110.25,72.91,88,0,4.76
444,Nioro,GM,2020-06-27 20:48:59,13.35,-15.75,85.5,59,80,11.5
445,Maryville,US,2020-06-27 20:46:10,35.76,-83.97,78.8,61,90,14.99
446,Herre,NO,2020-06-27 20:48:59,59.1,9.57,75.0,72,98,1.99
447,Kahului,US,2020-06-27 20:45:29,20.89,-156.47,86.0,58,40,13.87
448,Namibe,AO,2020-06-27 20:48:59,-15.2,12.15,67.55,80,42,8.5
449,Halifax,CA,2020-06-27 20:48:02,44.65,-63.57,75.99,56,100,13.29
450,Nhulunbuy,AU,2020-06-27 20:48:59,-12.23,136.77,73.4,88,40,5.82
451,Casino,AU,2020-06-27 20:48:59,-28.87,153.05,53.6,100,57,2.39
452,Pimentel,PE,2020-06-27 20:48:59,-6.84,-79.93,67.42,76,9,13.78
453,Terrace,CA,2020-06-27 20:44:52,54.52,-128.6,59.0,67,90,9.17
454,Longyan,CN,2020-06-27 20:48:59,25.11,117.02,74.17,88,91,2.42
455,Bhanpura,IN,2020-06-27 20:48:59,24.51,75.75,88.2,63,99,15.01
456,Kargil,IN,2020-06-27 20:48:59,34.57,76.1,52.16,51,0,7.07
457,Cizre,TR,2020-06-27 20:48:59,37.33,42.19,82.69,16,0,2.33
458,Porto Novo,BJ,2020-06-27 20:48:59,6.5,2.6,80.6,83,40,16.11
459,Longyearbyen,SJ,2020-06-27 20:48:59,78.22,15.64,46.4,65,40,3.36
460,Hokitika,NZ,2020-06-27 20:49:00,-42.72,170.97,51.87,90,100,6.44
461,Ahuimanu,US,2020-06-27 20:49:00,21.44,-157.84,84.2,65,1,11.41
462,Petatlan,MX,2020-06-27 20:49:00,17.52,-101.27,91.4,63,75,13.87
463,Watertown,US,2020-06-27 20:49:00,42.37,-71.18,75.99,69,90,4.7
464,Mabai,CN,2020-06-27 20:49:00,23.01,104.45,62.06,100,87,3.78
465,Firozpur Jhirka,IN,2020-06-27 20:49:00,27.8,76.95,90.97,55,58,11.88
466,Parrita,CR,2020-06-27 20:49:00,9.52,-84.32,75.2,73,75,3.36
467,Bichura,RU,2020-06-27 20:49:00,50.59,107.6,60.57,83,100,2.62
468,Brae,GB,2020-06-27 20:49:00,60.4,-1.35,59.0,93,100,20.8
469,Truth Or Consequences,US,2020-06-27 20:47:00,33.13,-107.25,91.4,13,1,21.92
470,Sisimiut,GL,2020-06-27 20:49:00,66.94,-53.67,43.21,80,50,7.0
471,Guane,CU,2020-06-27 20:49:00,22.2,-84.09,90.19,54,1,11.41
472,Naples,IT,2020-06-27 20:47:55,40.83,14.25,78.8,41,0,2.24
473,Oriximina,BR,2020-06-27 20:49:00,-1.77,-55.87,84.61,68,57,4.0
474,Havoysund,NO,2020-06-27 20:49:00,71.0,24.66,42.8,93,95,11.41
475,Jumla,NP,2020-06-27 20:49:00,29.27,82.18,60.13,71,76,0.72
476,Kungurtug,RU,2020-06-27 20:49:00,50.6,97.52,49.53,72,0,0.72
477,Chimbote,PE,2020-06-27 20:44:25,-9.09,-78.58,67.33,74,72,10.02
478,Yanam,IN,2020-06-27 20:49:00,16.73,82.22,81.73,87,100,2.71
479,Takoradi,GH,2020-06-27 20:49:00,4.88,-1.76,76.82,87,100,11.61
480,Dothan,US,2020-06-27 20:46:30,31.22,-85.39,91.4,55,20,10.29
481,Dhidhdhoo,MV,2020-06-27 20:49:00,6.88,73.1,83.34,77,100,14.5
482,Dir,PK,2020-06-27 20:44:07,35.21,71.88,69.3,44,0,3.74
483,Vestmannaeyjar,IS,2020-06-27 20:49:00,63.44,-20.27,52.27,92,100,5.5
484,Rayagada,IN,2020-06-27 20:49:00,19.17,83.42,79.2,88,100,1.97
485,Akureyri,IS,2020-06-27 20:49:00,65.68,-18.09,48.2,93,90,9.17
486,Harnosand,SE,2020-06-27 20:49:00,62.63,17.94,61.0,38,0,4.7
487,Tibati,CM,2020-06-27 20:49:01,6.47,12.63,67.23,95,97,1.9
488,Tucuman,AR,2020-06-27 20:49:01,-26.82,-65.22,62.6,55,75,3.36
489,Tomatlan,MX,2020-06-27 20:49:01,19.93,-105.25,91.85,50,80,9.13
490,Skelleftea,SE,2020-06-27 20:46:56,64.75,20.95,59.0,58,0,5.82
491,Naze,JP,2020-06-27 20:49:01,28.37,129.48,80.6,94,75,13.87
492,Manono,CD,2020-06-27 20:49:01,-7.3,27.42,77.02,44,59,3.6
493,Mattawa,US,2020-06-27 20:49:01,46.74,-119.9,80.6,24,83,9.17
494,Whitehorse,CA,2020-06-27 20:48:35,60.72,-135.05,64.4,36,75,8.05
495,Labuhan,ID,2020-06-27 20:49:01,-6.88,112.21,74.7,86,19,7.65
496,Balaipungut,ID,2020-06-27 20:49:01,1.05,101.28,75.16,92,73,2.35
497,Port Antonio,JM,2020-06-27 20:49:01,18.18,-76.46,87.8,74,20,27.51
498,Biak,ID,2020-06-27 20:49:01,-0.91,122.88,73.89,78,96,5.08
499,Inirida,CO,2020-06-27 20:49:01,3.87,-67.92,83.79,78,84,2.06
500,Wamba,NG,2020-06-27 20:46:15,8.93,8.6,73.89,85,50,2.53
501,Balagansk,RU,2020-06-27 20:49:01,54.01,103.05,58.8,90,78,2.24
502,The Valley,AI,2020-06-27 20:49:01,18.22,-63.06,86.0,66,40,16.11
503,Show Low,US,2020-06-27 20:49:01,34.25,-110.03,86.0,9,1,25.28
504,Asosa,ET,2020-06-27 20:49:01,10.07,34.53,61.36,100,100,1.54
505,Tura,IN,2020-06-27 20:49:01,25.52,90.22,73.94,98,95,5.77
506,Trairi,BR,2020-06-27 20:49:02,-3.28,-39.27,78.22,78,92,10.11
507,Bitung,ID,2020-06-27 20:49:02,1.45,125.18,75.2,100,40,1.12
508,Paita,PE,2020-06-27 20:49:02,-5.09,-81.11,70.63,68,72,15.43
509,Am Timan,TD,2020-06-27 20:49:02,11.03,20.28,81.55,58,4,10.11
510,Guadalupe Y Calvo,MX,2020-06-27 20:49:02,26.1,-106.97,67.57,65,100,5.68
511,Paramonga,PE,2020-06-27 20:49:02,-10.67,-77.83,66.92,72,86,9.51
512,Caravelas,BR,2020-06-27 20:49:02,-17.71,-39.25,72.32,82,0,4.56
513,Mackay,AU,2020-06-27 20:49:02,-21.15,149.2,62.6,93,17,11.41
514,Saint-Georges,GD,2020-06-27 20:49:02,12.06,-61.75,82.4,88,40,23.04
515,Camacupa,AO,2020-06-27 20:49:02,-12.02,17.48,56.25,37,0,2.82
516,Cayenne,GF,2020-06-27 20:49:02,4.93,-52.33,86.0,70,40,10.29
517,Dingle,PH,2020-06-27 20:49:02,11.0,122.67,76.96,88,100,4.9
518,Poum,NC,2020-06-27 20:49:02,-20.23,164.02,69.66,66,3,8.63
519,Dargaville,NZ,2020-06-27 20:49:02,-35.93,173.88,54.97,79,1,10.11
520,Erenhot,CN,2020-06-27 20:49:02,43.65,111.98,71.17,30,100,9.69
521,Coahuayana,MX,2020-06-27 20:49:02,18.73,-103.68,84.2,58,40,6.26
522,Saldanha,ZA,2020-06-27 20:49:02,-33.01,17.94,57.2,76,39,3.36
523,Kanker,IN,2020-06-27 20:49:02,20.27,81.49,81.45,71,97,2.86
524,Robe,AU,2020-06-27 20:49:02,-37.18,139.75,49.12,76,0,10.69
525,Half Moon Bay,US,2020-06-27 20:49:02,37.46,-122.43,73.4,56,5,10.29
526,Cancun,MX,2020-06-27 20:48:19,21.17,-86.85,87.8,74,40,9.17
527,Dolores,AR,2020-06-27 20:49:02,-36.31,-57.68,45.63,73,100,4.36
528,Churapcha,RU,2020-06-27 20:49:02,62.0,132.43,69.96,56,78,0.31
529,Winkler,CA,2020-06-27 20:49:03,49.18,-97.94,87.8,42,1,12.75
530,Poronaysk,RU,2020-06-27 20:49:03,49.22,143.12,48.83,89,100,2.8
531,Padampur,IN,2020-06-27 20:49:03,29.68,73.62,99.23,31,11,15.17
532,Jaque,PA,2020-06-27 20:49:03,7.52,-78.17,80.87,80,87,6.64
533,Hambantota,LK,2020-06-27 20:46:43,6.12,81.12,80.46,81,53,16.8
534,Tahoua,NE,2020-06-27 20:49:03,14.89,5.27,71.6,100,20,29.97
535,Veraval,IN,2020-06-27 20:49:03,20.9,70.37,85.71,78,87,13.62
536,Honiara,SB,2020-06-27 20:49:03,-9.43,159.95,71.6,100,75,3.8
537,Vuktyl,RU,2020-06-27 20:49:03,63.86,57.31,40.71,76,47,6.49
538,Kirkland Lake,CA,2020-06-27 20:45:02,48.14,-80.04,73.4,73,40,12.75
539,Jalpan,MX,2020-06-27 20:49:03,21.23,-99.48,86.77,47,41,6.67
540,Springdale,US,2020-06-27 20:48:21,36.19,-94.13,86.0,70,90,19.46
541,Miri,MY,2020-06-27 20:49:03,4.41,114.01,73.4,100,40,4.7
542,Coihaique,CL,2020-06-27 20:48:04,-45.58,-72.07,33.8,64,75,3.36
543,West Bay,KY,2020-06-27 20:49:03,19.37,-81.42,87.8,74,20,14.99
544,Severnoye,RU,2020-06-27 20:49:03,56.35,78.36,54.18,95,28,6.93
545,Gigmoto,PH,2020-06-27 20:49:03,13.78,124.39,79.81,81,100,5.57
546,Cobija,BO,2020-06-27 20:49:03,-11.03,-68.77,81.64,71,94,1.97
547,Emba,KZ,2020-06-27 20:49:03,48.83,58.14,62.46,65,70,9.26
548,Souillac,MU,2020-06-27 20:49:03,-20.52,57.52,69.8,88,40,11.41
549,Cockburn Town,TC,2020-06-27 20:49:03,21.46,-71.14,86.0,74,40,13.87
550,Upata,VE,2020-06-27 20:49:03,8.01,-62.4,82.38,62,92,7.83
551,Zeya,RU,2020-06-27 20:49:03,53.75,127.27,61.86,77,100,1.99
552,Banyliv,UA,2020-06-27 20:49:04,48.37,25.35,66.04,86,67,4.07
553,Strausberg,DE,2020-06-27 20:49:04,52.58,13.89,75.99,65,64,5.88
554,Creel,MX,2020-06-27 20:49:04,27.75,-107.63,55.49,88,95,12.75
555,Kudahuvadhoo,MV,2020-06-27 20:49:04,2.67,72.89,82.76,78,100,9.6
556,Gobabis,NA,2020-06-27 20:49:04,-22.45,18.97,48.2,34,0,2.24
557,Ituacu,BR,2020-06-27 20:49:04,-13.81,-41.3,72.09,69,35,5.44
558,Pontianak,ID,2020-06-27 20:49:04,-0.03,109.33,74.84,88,100,5.3
559,Anadyr,RU,2020-06-27 20:49:04,64.75,177.48,37.4,64,40,22.37
560,Sortland,NO,2020-06-27 20:49:04,68.69,15.42,57.99,76,59,21.92
561,Singaraja,ID,2020-06-27 20:49:04,-8.11,115.09,78.15,74,29,2.53
562,Mapimi,MX,2020-06-27 20:49:04,25.82,-103.85,89.6,35,75,14.99
563,Bontang,ID,2020-06-27 20:49:04,0.13,117.5,74.44,89,100,4.41
564,Marystown,CA,2020-06-27 20:49:04,47.17,-55.15,62.47,79,82,1.57
565,Mogadishu,SO,2020-06-27 20:49:04,2.04,45.34,78.28,87,32,15.5
566,Mangai,CD,2020-06-27 20:49:04,-4.05,19.53,74.86,56,61,0.58
567,Carutapera,BR,2020-06-27 20:49:04,-1.2,-46.02,77.7,89,76,6.46
568,Point Pedro,LK,2020-06-27 20:49:04,9.82,80.23,83.17,80,58,19.39
569,Xining,CN,2020-06-27 20:49:04,36.62,101.77,50.13,47,0,2.62
570,Qui Nhon,VN,2020-06-27 20:49:04,13.77,109.23,78.82,83,95,2.21
571,Nacogdoches,US,2020-06-27 20:49:04,31.6,-94.63,90.0,62,90,10.29
572,Katima Mulilo,NA,2020-06-27 20:49:04,-17.5,24.27,53.6,58,0,1.12
573,Shieli,KZ,2020-06-27 20:49:05,44.17,66.75,54.3,51,3,5.57
574,Agirish,RU,2020-06-27 20:49:05,61.92,63.02,46.26,75,61,4.61
575,Wyszkow,PL,2020-06-27 20:49:05,52.59,21.46,66.99,87,0,6.69
576,Aykhal,RU,2020-06-27 20:48:44,66.0,111.5,62.6,67,90,2.24
577,Bang Saphan,TH,2020-06-27 20:49:05,11.21,99.51,77.34,86,99,4.76
