City_ID,City,Lat,Lng,Max Temp,Humidity,Cloudiness,Wind Speed,Country,Date,Current Description,Rain (inches),Snow (inches)
0,Turinsk,58.05,63.7,48.24,98,100,9.51,RU,2020-06-28 16:17:28,moderate rain,2.14,0.0
1,Berbera,10.44,45.01,98.04,33,24,11.45,SO,2020-06-28 16:17:28,few clouds,0.0,0.0
2,Kapaa,22.08,-159.32,73.4,94,75,4.7,US,2020-06-28 16:17:28,moderate rain,1.02,0.0
3,Adre,13.47,22.2,93.85,25,90,1.07,TD,2020-06-28 16:17:07,overcast clouds,0.0,0.0
4,Omboue,-1.57,9.26,76.17,74,20,10.76,GA,2020-06-28 16:17:28,few clouds,0.0,0.0
5,Turayf,31.67,38.66,96.8,15,0,13.87,SA,2020-06-28 16:17:28,clear sky,0.0,0.0
6,Butaritari,3.07,172.79,82.67,74,31,14.92,KI,2020-06-28 16:16:45,scattered clouds,0.0,0.0
7,Mar Del Plata,-38.0,-57.56,48.2,76,20,4.7,AR,2020-06-28 16:17:28,few clouds,0.0,0.0
8,New Norfolk,-42.78,147.06,42.01,91,41,2.75,AU,2020-06-28 16:11:11,scattered clouds,0.0,0.0
9,Mogadishu,2.04,45.34,78.84,86,90,15.59,SO,2020-06-28 16:12:32,overcast clouds,0.0,0.0
10,Puerto Del Rosario,28.5,-13.86,78.8,69,20,23.04,ES,2020-06-28 16:17:28,few clouds,0.0,0.0
11,Kodiak,57.79,-152.41,51.8,87,90,9.17,US,2020-06-28 16:17:29,overcast clouds,0.0,0.0
12,Byron Bay,-28.65,153.62,50.0,93,17,5.82,AU,2020-06-28 16:17:29,few clouds,0.0,0.0
13,Nikolskoye,59.7,30.79,68.0,40,0,11.18,RU,2020-06-28 16:16:51,clear sky,0.0,0.0
14,Jamestown,42.1,-79.24,71.6,64,20,11.41,US,2020-06-28 16:06:19,few clouds,0.0,0.0
15,Cabo San Lucas,22.89,-109.91,84.2,58,90,4.7,MX,2020-06-28 16:17:29,overcast clouds,0.0,0.0
16,Pevek,69.7,170.31,31.95,99,100,18.28,RU,2020-06-28 16:17:29,light rain,0.3,0.0
17,Mataura,-46.19,168.86,41.68,90,99,4.32,NZ,2020-06-28 16:17:29,overcast clouds,0.0,0.0
18,Suzhou,31.31,120.62,79.0,90,100,8.55,CN,2020-06-28 16:16:19,light rain,0.4,0.0
19,Castro,-24.79,-50.01,54.68,85,100,6.2,BR,2020-06-28 16:17:29,overcast clouds,0.0,0.0
20,Lorengau,-2.02,147.27,81.18,80,92,8.14,PG,2020-06-28 16:17:29,moderate rain,1.4,0.0
21,Hermanus,-34.42,19.23,59.0,73,28,3.0,ZA,2020-06-28 16:11:11,scattered clouds,0.0,0.0
22,Albany,42.6,-73.97,71.6,83,90,4.7,US,2020-06-28 16:17:29,light rain,0.25,0.0
23,Bluff,-46.6,168.33,47.26,75,81,11.92,NZ,2020-06-28 16:17:29,broken clouds,0.0,0.0
24,Bonthe,7.53,-12.51,80.49,82,85,11.5,SL,2020-06-28 16:17:29,moderate rain,1.48,0.0
25,Port Elizabeth,-33.92,25.57,59.45,65,15,21.21,ZA,2020-06-28 16:14:12,few clouds,0.0,0.0
26,Birao,10.28,22.79,90.61,45,21,2.89,CF,2020-06-28 16:17:29,few clouds,0.0,0.0
27,Veyrier,46.17,6.18,80.6,47,75,11.41,CH,2020-06-28 16:17:29,broken clouds,0.0,0.0
28,Guerrero Negro,27.98,-114.06,71.29,65,0,5.39,MX,2020-06-28 16:17:29,clear sky,0.0,0.0
29,Busselton,-33.65,115.33,50.0,92,100,1.01,AU,2020-06-28 16:17:29,light rain,0.18,0.0
30,Zabid,14.2,43.32,93.09,39,24,9.35,YE,2020-06-28 16:17:29,few clouds,0.0,0.0
31,Rikitea,-23.12,-134.97,68.02,64,9,19.86,PF,2020-06-28 16:16:45,clear sky,0.0,0.0
32,Provideniya,64.38,-173.3,39.18,81,98,16.04,RU,2020-06-28 16:17:29,overcast clouds,0.0,0.0
33,Broken Hill,-31.95,141.43,41.0,65,21,6.93,AU,2020-06-28 16:16:46,few clouds,0.0,0.0
34,Nome,64.5,-165.41,44.6,100,90,6.93,US,2020-06-28 16:17:29,moderate rain,1.02,0.0
35,Arraial Do Cabo,-22.97,-42.03,75.2,73,40,16.11,BR,2020-06-28 16:16:51,scattered clouds,0.0,0.0
36,Hobart,-42.88,147.33,44.6,81,90,8.05,AU,2020-06-28 16:13:18,light intensity shower rain,0.0,0.0
37,Vestmannaeyjar,63.44,-20.27,60.8,87,40,3.36,IS,2020-06-28 16:17:29,scattered clouds,0.0,0.0
38,Mahebourg,-20.41,57.7,71.6,83,40,8.05,MU,2020-06-28 16:17:29,shower rain,0.0,0.0
39,Kavieng,-2.57,150.8,82.53,79,35,12.33,PG,2020-06-28 16:17:29,moderate rain,1.25,0.0
40,Ushuaia,-54.8,-68.3,35.6,69,75,19.46,AR,2020-06-28 16:17:29,broken clouds,0.0,0.0
41,Puerto Escondido,15.85,-97.07,87.8,62,40,6.04,MX,2020-06-28 16:17:29,scattered clouds,0.0,0.0
42,Charters Towers,-20.1,146.27,62.1,90,55,10.67,AU,2020-06-28 16:17:30,broken clouds,0.0,0.0
43,Doctor Juan Manuel Frutos,-25.37,-55.8,66.63,63,2,4.32,PY,2020-06-28 16:17:30,clear sky,0.0,0.0
44,Los Llanos De Aridane,28.66,-17.92,75.2,73,75,17.22,ES,2020-06-28 16:17:30,broken clouds,0.0,0.0
45,Clyde River,70.47,-68.59,33.8,78,90,10.29,CA,2020-06-28 16:17:30,mist,0.0,0.0
46,Takab,36.4,47.11,72.36,27,0,9.48,IR,2020-06-28 16:13:30,clear sky,0.0,0.0
47,Punta Arenas,-53.15,-70.92,32.0,86,0,5.82,CL,2020-06-28 16:07:39,clear sky,0.0,0.0
48,Port Alfred,-33.59,26.89,61.0,69,9,8.01,ZA,2020-06-28 16:17:30,clear sky,0.0,0.0
49,East London,-33.02,27.91,64.42,46,22,22.48,ZA,2020-06-28 16:17:30,few clouds,0.0,0.0
50,Bada,51.39,109.87,59.02,88,100,3.47,RU,2020-06-28 16:17:30,light rain,0.28,0.0
51,Fukue,32.69,128.84,75.24,78,50,7.83,JP,2020-06-28 16:17:30,scattered clouds,0.0,0.0
52,Sur,22.57,59.53,88.57,65,0,16.69,OM,2020-06-28 16:17:30,clear sky,0.0,0.0
53,Stokmarknes,68.56,14.91,68.0,72,96,13.87,NO,2020-06-28 16:17:30,overcast clouds,0.0,0.0
54,Carnarvon,-24.87,113.63,68.0,100,40,8.05,AU,2020-06-28 16:16:49,scattered clouds,0.0,0.0
55,Qaanaaq,77.48,-69.36,43.79,63,29,4.5,GL,2020-06-28 16:15:06,scattered clouds,0.0,0.0
56,Ancud,-41.87,-73.82,46.0,100,90,5.82,CL,2020-06-28 16:17:30,overcast clouds,0.0,0.0
57,Yidu,24.16,115.13,78.78,80,100,3.67,CN,2020-06-28 16:17:30,overcast clouds,0.0,0.0
58,Finschhafen,-6.6,147.87,77.88,79,99,8.08,PG,2020-06-28 16:17:30,light rain,0.93,0.0
59,Kalangala,-0.31,32.23,75.2,69,20,10.29,UG,2020-06-28 16:17:30,few clouds,0.0,0.0
60,Taganrog,47.24,38.9,89.01,27,0,13.0,RU,2020-06-28 16:17:30,clear sky,0.0,0.0
61,Puerto Ayora,-0.74,-90.35,75.2,73,75,11.41,EC,2020-06-28 16:11:11,broken clouds,0.0,0.0
62,Dongsheng,39.82,109.98,64.2,76,16,5.5,CN,2020-06-28 16:17:30,few clouds,0.0,0.0
63,Samarai,-10.62,150.67,78.31,85,82,16.15,PG,2020-06-28 16:17:30,moderate rain,1.26,0.0
64,Chokurdakh,70.63,147.92,53.38,59,100,10.83,RU,2020-06-28 16:17:30,overcast clouds,0.0,0.0
65,Conceicao Do Araguaia,-8.26,-49.26,93.02,34,0,5.61,BR,2020-06-28 16:17:30,clear sky,0.0,0.0
66,Dunedin,-45.87,170.5,45.0,87,100,1.99,NZ,2020-06-28 16:17:05,overcast clouds,0.0,0.0
67,Taggia,43.85,7.85,78.8,83,5,9.17,IT,2020-06-28 16:17:30,clear sky,0.0,0.0
68,Skala,50.23,19.85,84.2,45,20,5.82,PL,2020-06-28 16:17:30,few clouds,0.0,0.0
69,Namibe,-15.2,12.15,72.66,58,0,9.46,AO,2020-06-28 16:17:31,clear sky,0.0,0.0
70,Kaitangata,-46.28,169.85,46.0,72,100,13.0,NZ,2020-06-28 16:16:46,overcast clouds,0.0,0.0
71,Avarua,-21.21,-159.78,71.6,68,56,5.82,CK,2020-06-28 16:17:31,broken clouds,0.0,0.0
72,Cosala,24.41,-106.69,89.01,58,98,3.0,MX,2020-06-28 16:17:31,overcast clouds,0.0,0.0
73,Atuona,-9.8,-139.03,79.63,79,59,14.61,PF,2020-06-28 16:16:46,light rain,0.41,0.0
74,Fairbanks,64.84,-147.72,59.0,62,1,4.7,US,2020-06-28 16:17:29,clear sky,0.0,0.0
75,Hilo,19.73,-155.09,71.6,83,20,4.7,US,2020-06-28 16:17:31,few clouds,0.0,0.0
76,Yumen,40.28,97.2,72.16,27,0,13.42,CN,2020-06-28 16:17:31,clear sky,0.0,0.0
77,Chumikan,54.72,135.31,43.43,90,74,1.45,RU,2020-06-28 16:16:48,broken clouds,0.0,0.0
78,Cape Town,-33.93,18.42,62.01,71,75,5.82,ZA,2020-06-28 16:16:40,broken clouds,0.0,0.0
79,Camocim,-2.9,-40.84,87.76,58,49,10.87,BR,2020-06-28 16:17:31,scattered clouds,0.0,0.0
80,Sao Raimundo Nonato,-9.02,-42.7,90.05,34,0,8.34,BR,2020-06-28 16:17:31,clear sky,0.0,0.0
81,Adrar,20.5,-10.07,112.48,6,0,13.0,MR,2020-06-28 16:17:31,clear sky,0.0,0.0
82,Kiruna,67.86,20.23,66.2,39,81,5.82,SE,2020-06-28 16:17:31,broken clouds,0.0,0.0
83,Tura,25.52,90.22,75.58,95,49,7.2,IN,2020-06-28 16:17:31,moderate rain,1.06,0.0
84,Sitka,57.05,-135.33,53.6,81,75,9.17,US,2020-06-28 16:16:56,broken clouds,0.0,0.0
85,Changji,44.02,87.32,64.4,52,20,17.9,CN,2020-06-28 16:17:31,few clouds,0.0,0.0
86,Iqaluit,63.75,-68.51,39.2,80,75,5.82,CA,2020-06-28 16:13:40,broken clouds,0.0,0.0
87,Vaini,-21.2,-175.2,75.2,94,75,4.7,TO,2020-06-28 16:17:31,broken clouds,0.0,0.0
88,Khatanga,71.97,102.5,77.09,43,44,11.01,RU,2020-06-28 16:17:31,scattered clouds,0.0,0.0
89,Osa,57.28,55.46,53.85,72,12,6.93,RU,2020-06-28 16:17:31,few clouds,0.0,0.0
90,Hovd,48.01,91.64,72.82,24,2,4.54,MN,2020-06-28 16:17:31,clear sky,0.0,0.0
91,Roebourne,-20.78,117.13,67.51,53,19,1.25,AU,2020-06-28 16:17:31,few clouds,0.0,0.0
92,Hithadhoo,-0.6,73.08,85.68,68,100,8.05,MV,2020-06-28 16:16:49,overcast clouds,0.0,0.0
93,Lompoc,34.64,-120.46,59.0,93,100,8.05,US,2020-06-28 16:17:31,mist,0.0,0.0
94,Celestun,20.87,-90.4,87.08,61,45,4.74,MX,2020-06-28 16:17:31,scattered clouds,0.0,0.0
95,Lebu,-37.62,-73.65,53.4,93,96,14.43,CL,2020-06-28 16:06:26,overcast clouds,0.0,0.0
96,Barrow,71.29,-156.79,46.4,75,1,8.05,US,2020-06-28 16:11:11,clear sky,0.0,0.0
97,Esperance,-33.87,121.9,57.2,93,90,17.22,AU,2020-06-28 16:16:47,overcast clouds,0.0,0.0
98,Thinadhoo,0.53,72.93,84.99,72,73,7.63,MV,2020-06-28 16:17:31,broken clouds,0.0,0.0
99,Plettenberg Bay,-34.05,23.37,58.26,65,22,14.45,ZA,2020-06-28 16:17:32,few clouds,0.0,0.0
100,San Ignacio,17.16,-89.07,88.0,79,75,9.17,BZ,2020-06-28 16:14:12,broken clouds,0.0,0.0
101,Yerbogachen,61.28,108.01,65.3,65,20,5.46,RU,2020-06-28 16:17:32,few clouds,0.0,0.0
102,Laguna,38.42,-121.42,66.99,67,1,13.87,US,2020-06-28 16:15:26,clear sky,0.0,0.0
103,Huejuquilla El Alto,22.6,-103.87,74.82,51,72,3.04,MX,2020-06-28 16:17:32,light rain,0.15,0.0
104,Marzuq,14.4,46.47,90.34,30,69,11.92,YE,2020-06-28 16:17:32,broken clouds,0.0,0.0
105,Faanui,-16.48,-151.75,76.33,79,59,23.85,PF,2020-06-28 16:17:32,broken clouds,0.0,0.0
106,Karasburg,-28.02,18.75,54.99,46,0,7.83,NA,2020-06-28 16:17:32,clear sky,0.0,0.0
107,Hyeres,43.12,6.12,88.0,65,0,13.87,FR,2020-06-28 16:17:32,clear sky,0.0,0.0
108,Nantucket,41.28,-70.1,72.0,83,40,6.93,US,2020-06-28 16:15:27,scattered clouds,0.0,0.0
109,Lebyazhye,55.27,66.49,52.2,83,0,10.27,RU,2020-06-28 16:17:32,clear sky,0.0,0.0
110,Aykhal,66.0,111.5,73.4,43,60,4.47,RU,2020-06-28 16:16:46,broken clouds,0.0,0.0
111,Khromtau,50.25,58.43,64.67,74,93,9.57,KZ,2020-06-28 16:17:32,light rain,0.35,0.0
112,Dukat,62.55,155.55,46.58,53,100,1.23,RU,2020-06-28 16:17:32,overcast clouds,0.0,0.0
113,Biltine,14.53,20.92,97.63,23,56,7.0,TD,2020-06-28 16:17:32,broken clouds,0.0,0.0
114,Acapulco,16.86,-99.89,87.8,58,5,5.82,MX,2020-06-28 16:17:32,clear sky,0.0,0.0
115,Chuy,-33.7,-53.46,54.19,61,3,5.91,UY,2020-06-28 16:16:46,clear sky,0.0,0.0
116,Port Macquarie,-31.43,152.92,48.99,91,13,7.94,AU,2020-06-28 16:14:23,few clouds,0.0,0.0
117,Mumbwa,-14.98,27.06,70.21,29,2,4.05,ZM,2020-06-28 16:17:32,clear sky,0.0,0.0
118,Pisco,-13.7,-76.22,62.6,82,90,3.36,PE,2020-06-28 16:17:32,mist,0.0,0.0
119,Chengde,40.97,117.94,70.93,62,100,2.71,CN,2020-06-28 16:13:30,overcast clouds,0.0,0.0
120,Aksarka,66.56,67.8,56.57,58,78,8.41,RU,2020-06-28 16:17:32,broken clouds,0.0,0.0
121,Meulaboh,4.14,96.13,79.39,84,97,4.03,ID,2020-06-28 16:17:32,overcast clouds,0.0,0.0
122,Evensk,61.95,159.23,44.82,90,100,2.44,RU,2020-06-28 16:17:30,overcast clouds,0.0,0.0
123,Mbandaka,0.05,18.26,81.64,65,72,3.6,CD,2020-06-28 16:17:32,broken clouds,0.0,0.0
124,Kaeo,-35.1,173.78,48.0,3,0,11.16,NZ,2020-06-28 16:17:32,clear sky,0.0,0.0
125,Manikpur,25.07,81.12,91.22,53,0,6.24,IN,2020-06-28 16:17:32,clear sky,0.0,0.0
126,Banda Aceh,5.56,95.32,80.47,82,88,10.18,ID,2020-06-28 16:17:32,overcast clouds,0.0,0.0
127,Bethanien,-26.5,17.16,61.77,30,0,7.31,NA,2020-06-28 16:17:32,clear sky,0.0,0.0
128,Teeli,51.03,90.23,57.24,86,98,2.21,RU,2020-06-28 16:17:32,light rain,0.36,0.0
129,Margate,51.38,1.39,66.0,57,0,8.01,GB,2020-06-28 16:17:33,clear sky,0.0,0.0
130,Bredasdorp,-34.53,20.04,59.0,72,33,11.41,ZA,2020-06-28 16:17:33,scattered clouds,0.0,0.0
131,Uyuni,-20.46,-66.83,47.82,35,0,15.9,BO,2020-06-28 16:17:33,clear sky,0.0,0.0
132,Sabha,27.04,14.43,100.47,11,0,14.43,LY,2020-06-28 16:17:33,clear sky,0.0,0.0
133,Dasoguz,41.84,59.97,82.4,23,100,9.17,TM,2020-06-28 16:17:33,overcast clouds,0.0,0.0
134,Tasiilaq,65.61,-37.64,46.4,75,100,17.22,GL,2020-06-28 16:17:33,light rain,0.0,0.0
135,Tuktoyaktuk,69.45,-133.04,39.2,93,75,3.36,CA,2020-06-28 16:17:33,broken clouds,0.0,0.0
136,Tieling,42.29,123.84,70.97,53,100,4.83,CN,2020-06-28 16:17:33,overcast clouds,0.0,0.0
137,Sorland,67.67,12.69,57.2,82,33,12.75,NO,2020-06-28 16:17:33,scattered clouds,0.0,0.0
138,Arman,59.7,150.17,46.8,87,1,2.3,RU,2020-06-28 16:17:33,clear sky,0.0,0.0
139,Kieta,-6.22,155.63,79.16,79,85,2.46,PG,2020-06-28 16:17:33,overcast clouds,0.0,0.0
140,Bambous Virieux,-20.34,57.76,73.99,83,40,8.05,MU,2020-06-28 16:17:33,shower rain,0.0,0.0
141,Sao Joao Da Barra,-21.64,-41.05,75.2,69,75,9.17,BR,2020-06-28 16:17:33,broken clouds,0.0,0.0
142,Asau,46.43,26.4,75.99,67,81,2.04,RO,2020-06-28 16:17:33,light rain,0.57,0.0
143,Inta,66.03,60.17,45.19,82,100,10.47,RU,2020-06-28 16:17:33,overcast clouds,0.0,0.0
144,Bonavista,48.65,-53.11,57.02,85,81,10.25,CA,2020-06-28 16:16:48,broken clouds,0.0,0.0
145,Yellowknife,62.46,-114.35,63.0,51,75,10.29,CA,2020-06-28 16:15:57,broken clouds,0.0,0.0
146,Chapais,49.78,-74.85,73.4,60,40,6.93,CA,2020-06-28 16:17:33,scattered clouds,0.0,0.0
147,Hambantota,6.12,81.12,82.4,88,75,8.05,LK,2020-06-28 16:17:33,broken clouds,0.0,0.0
148,Mandalgovi,45.76,106.27,61.79,58,59,19.86,MN,2020-06-28 16:17:34,broken clouds,0.0,0.0
149,Lebedinyy,58.52,125.52,59.54,60,21,4.54,RU,2020-06-28 16:17:34,few clouds,0.0,0.0
150,Codrington,-38.27,141.97,42.73,85,18,7.11,AU,2020-06-28 16:17:34,few clouds,0.0,0.0
151,Saldanha,-33.01,17.94,60.8,72,13,4.7,ZA,2020-06-28 16:17:34,few clouds,0.0,0.0
152,Lima,-12.04,-77.03,60.8,82,90,5.82,PE,2020-06-28 16:14:09,overcast clouds,0.0,0.0
153,Hobbs,32.7,-103.14,84.0,64,1,9.17,US,2020-06-28 16:17:34,clear sky,0.0,0.0
154,Petropavlovsk-Kamchatskiy,53.05,158.65,53.6,81,71,6.71,RU,2020-06-28 16:17:34,broken clouds,0.0,0.0
155,Alanya,36.54,32.0,86.0,58,0,9.17,TR,2020-06-28 16:17:34,clear sky,0.0,0.0
156,Ribeira Grande,38.52,-28.7,73.4,83,75,12.75,PT,2020-06-28 16:17:34,broken clouds,0.0,0.0
157,Cairns,-16.92,145.77,68.0,88,40,9.17,AU,2020-06-28 16:14:49,scattered clouds,0.0,0.0
158,Grindavik,63.84,-22.43,53.6,100,90,12.75,IS,2020-06-28 16:17:34,light rain,0.0,0.0
159,Airai,-8.93,125.41,56.97,100,84,3.24,TL,2020-06-28 16:17:09,broken clouds,0.0,0.0
160,Saint-Philippe,-21.36,55.77,70.0,83,34,3.36,RE,2020-06-28 16:17:34,scattered clouds,0.0,0.0
161,Praia Da Vitoria,38.73,-27.07,75.2,73,75,6.55,PT,2020-06-28 16:17:34,broken clouds,0.0,0.0
162,Leningradskiy,69.38,178.42,29.01,98,96,4.74,RU,2020-06-28 16:17:34,overcast clouds,0.0,0.0
163,Victoria,22.29,114.16,86.0,66,99,11.01,HK,2020-06-28 16:15:13,overcast clouds,0.0,0.0
164,Desnogorsk,54.15,33.28,70.29,81,89,3.29,RU,2020-06-28 16:17:34,light rain,0.39,0.0
165,Beloomut,54.94,39.34,70.0,64,90,7.0,RU,2020-06-28 16:17:34,moderate rain,2.86,0.0
166,Aleksandrovsk-Sakhalinskiy,50.9,142.16,50.2,89,33,4.16,RU,2020-06-28 16:17:34,scattered clouds,0.0,0.0
167,Kirakira,-10.45,161.92,79.07,83,9,5.14,SB,2020-06-28 16:17:34,clear sky,0.0,0.0
168,Spirit River,55.78,-118.84,53.6,87,75,11.41,CA,2020-06-28 16:16:28,broken clouds,0.0,0.0
169,Coahuayana,18.73,-103.68,82.4,58,75,6.93,MX,2020-06-28 16:17:34,broken clouds,0.0,0.0
170,Dikson,73.51,80.55,43.97,100,100,9.04,RU,2020-06-28 16:17:34,light rain,0.19,0.0
171,Camacupa,-12.02,17.48,73.56,27,6,2.57,AO,2020-06-28 16:17:34,clear sky,0.0,0.0
172,Nelson Bay,-32.72,152.15,48.99,93,44,8.05,AU,2020-06-28 16:17:34,light rain,0.25,0.0
173,Cherskiy,68.75,161.3,38.5,76,94,7.61,RU,2020-06-28 16:17:34,overcast clouds,0.0,0.0
174,Bekovo,52.47,43.71,69.57,80,67,4.9,RU,2020-06-28 16:17:35,light rain,0.29,0.0
175,Viedma,-40.81,-63.0,46.15,56,100,3.98,AR,2020-06-28 16:17:35,overcast clouds,0.0,0.0
176,Wewak,-3.55,143.63,80.06,84,97,8.08,PG,2020-06-28 16:17:35,light rain,0.75,0.0
177,Esperanza,19.58,-70.98,91.99,59,79,7.0,DO,2020-06-28 16:17:35,broken clouds,0.0,0.0
178,Severo-Kurilsk,50.68,156.12,48.7,67,60,2.86,RU,2020-06-28 16:17:35,broken clouds,0.0,0.0
179,Cidreira,-30.18,-50.21,59.36,55,0,3.51,BR,2020-06-28 16:17:35,clear sky,0.0,0.0
180,Aklavik,68.22,-135.01,53.6,58,40,4.7,CA,2020-06-28 16:17:35,scattered clouds,0.0,0.0
181,Alihe,50.57,123.72,54.61,93,2,2.3,CN,2020-06-28 16:17:35,clear sky,0.0,0.0
182,Mayo,38.89,-76.51,84.99,66,20,3.36,US,2020-06-28 16:13:35,few clouds,0.0,0.0
183,Nowy Targ,49.48,20.03,79.0,82,40,9.17,PL,2020-06-28 16:17:35,light intensity shower rain,0.0,0.0
184,Teruel,40.67,-0.67,87.8,22,71,4.7,ES,2020-06-28 16:17:35,broken clouds,0.0,0.0
185,Seoul,37.57,126.98,73.4,94,74,2.24,KR,2020-06-28 16:15:21,broken clouds,0.0,0.0
186,Nokaneng,-19.67,22.27,67.12,22,0,5.28,BW,2020-06-28 16:17:35,clear sky,0.0,0.0
187,Songea,-10.68,35.65,71.15,53,100,3.15,TZ,2020-06-28 16:17:35,overcast clouds,0.0,0.0
188,Baft,29.23,56.61,81.48,24,74,5.91,IR,2020-06-28 16:17:35,broken clouds,0.0,0.0
189,Luderitz,-26.65,15.16,65.61,50,0,23.76,NA,2020-06-28 16:17:35,clear sky,0.0,0.0
190,Kuching,1.55,110.33,80.6,88,20,2.89,MY,2020-06-28 16:17:35,few clouds,0.0,0.0
191,Buzmeyin,38.05,58.21,86.0,15,40,16.11,TM,2020-06-28 16:17:35,scattered clouds,0.0,0.0
192,Ilulissat,69.22,-51.1,42.8,75,75,5.82,GL,2020-06-28 16:17:35,broken clouds,0.0,0.0
193,Upernavik,72.79,-56.15,41.63,70,0,8.93,GL,2020-06-28 16:17:35,clear sky,0.0,0.0
194,Solginskiy,61.05,41.34,54.5,60,77,6.08,RU,2020-06-28 16:17:35,broken clouds,0.0,0.0
195,Loreto,22.27,-101.97,72.05,50,36,0.81,MX,2020-06-28 16:17:35,scattered clouds,0.0,0.0
196,Poronaysk,49.22,143.12,45.19,88,6,0.76,RU,2020-06-28 16:17:35,clear sky,0.0,0.0
197,Cuencame,24.87,-103.7,73.51,55,64,9.64,MX,2020-06-28 16:17:35,broken clouds,0.0,0.0
198,Hun,29.13,15.95,99.48,13,0,14.52,LY,2020-06-28 16:17:35,clear sky,0.0,0.0
199,Yongchang,30.04,119.73,81.0,86,100,1.59,CN,2020-06-28 16:17:35,overcast clouds,0.0,0.0
200,Wichita Falls,33.91,-98.49,84.2,66,90,17.22,US,2020-06-28 16:14:16,overcast clouds,0.0,0.0
201,Awjilah,29.11,21.29,95.09,17,0,13.6,LY,2020-06-28 16:17:35,clear sky,0.0,0.0
202,Ahipara,-35.17,173.17,56.26,74,19,14.45,NZ,2020-06-28 16:17:36,light rain,0.13,0.0
203,Ruyigi,-3.45,30.32,68.94,56,90,4.29,BI,2020-06-28 16:17:36,overcast clouds,0.0,0.0
204,Msanga,-6.05,36.03,73.87,50,16,8.93,TZ,2020-06-28 16:17:36,few clouds,0.0,0.0
205,Loandjili,-4.76,11.86,77.0,73,90,10.29,CG,2020-06-28 16:17:36,overcast clouds,0.0,0.0
206,Souillac,-20.52,57.52,71.6,83,40,8.05,MU,2020-06-28 16:17:36,shower rain,0.0,0.0
207,Westport,41.14,-73.36,87.01,83,20,5.82,US,2020-06-28 16:15:51,few clouds,0.0,0.0
208,Latehar,23.75,84.5,78.93,78,29,3.74,IN,2020-06-28 16:17:36,scattered clouds,0.0,0.0
209,Orocue,4.79,-71.34,73.06,97,100,4.43,CO,2020-06-28 16:17:36,heavy intensity rain,6.28,0.0
210,Gao,16.64,1.64,106.79,11,41,9.71,ML,2020-06-28 16:17:36,scattered clouds,0.0,0.0
211,Carballo,43.21,-8.69,66.0,93,90,8.01,ES,2020-06-28 16:17:36,light rain,0.24,0.0
212,Dingle,11.0,122.67,76.93,86,100,2.28,PH,2020-06-28 16:17:03,overcast clouds,0.0,0.0
213,Poum,-20.23,164.02,71.2,70,4,9.66,NC,2020-06-28 16:17:36,clear sky,0.0,0.0
214,Georgetown,5.41,100.34,86.0,74,40,10.29,MY,2020-06-28 16:12:48,scattered clouds,0.0,0.0
215,Hervey Bay,-25.3,152.85,57.99,93,37,7.0,AU,2020-06-28 16:17:07,light rain,0.13,0.0
216,Carutapera,-1.2,-46.02,88.39,57,12,7.99,BR,2020-06-28 16:17:36,few clouds,0.0,0.0
217,Bath,51.38,-2.36,61.0,71,66,11.01,GB,2020-06-28 16:17:36,light rain,0.29,0.0
218,Sao Filipe,14.9,-24.5,78.39,67,12,13.53,CV,2020-06-28 16:17:35,few clouds,0.0,0.0
219,Husavik,66.04,-17.34,55.4,82,20,11.41,IS,2020-06-28 16:12:56,few clouds,0.0,0.0
220,Teya,60.38,92.63,64.56,88,81,7.29,RU,2020-06-28 16:17:36,light rain,0.19,0.0
221,Rawson,-43.3,-65.1,41.07,66,100,1.72,AR,2020-06-28 16:17:36,overcast clouds,0.0,0.0
222,Baltatesti,47.12,26.3,82.99,64,78,2.98,RO,2020-06-28 16:17:36,light rain,0.29,0.0
223,Bathsheba,13.22,-59.52,87.8,70,40,13.87,BB,2020-06-28 16:17:37,scattered clouds,0.0,0.0
224,Atar,20.52,-13.05,112.37,6,0,20.42,MR,2020-06-28 16:17:37,clear sky,0.0,0.0
225,Petrolina,-9.4,-40.5,84.2,48,20,11.41,BR,2020-06-28 16:17:37,few clouds,0.0,0.0
226,Tuatapere,-46.13,167.68,45.0,83,97,5.41,NZ,2020-06-28 16:17:37,overcast clouds,0.0,0.0
227,Port Hedland,-20.32,118.57,66.2,59,9,3.36,AU,2020-06-28 16:17:37,clear sky,0.0,0.0
228,Mackay,-21.15,149.2,64.4,88,40,9.17,AU,2020-06-28 16:17:37,scattered clouds,0.0,0.0
229,Amapa,1.0,-52.0,85.96,63,93,4.85,BR,2020-06-28 16:17:37,light rain,0.38,0.0
230,Les Cayes,18.2,-73.75,88.54,60,100,8.86,HT,2020-06-28 16:17:37,overcast clouds,0.0,0.0
231,Alice Springs,-23.7,133.88,39.2,51,0,7.02,AU,2020-06-28 16:17:37,clear sky,0.0,0.0
232,Naze,28.37,129.48,78.8,94,93,6.93,JP,2020-06-28 16:17:37,overcast clouds,0.0,0.0
233,Cap Malheureux,-19.98,57.61,73.99,75,15,5.99,MU,2020-06-28 16:17:37,few clouds,0.0,0.0
234,Taltal,-25.4,-70.48,64.42,58,100,5.21,CL,2020-06-28 16:17:28,overcast clouds,0.0,0.0
235,Lagoa,39.05,-27.98,68.43,91,100,6.44,PT,2020-06-28 16:17:37,overcast clouds,0.0,0.0
236,Sterling,39.01,-77.43,87.01,58,75,11.41,US,2020-06-28 16:17:37,broken clouds,0.0,0.0
237,Caravelas,-17.71,-39.25,79.66,63,0,7.94,BR,2020-06-28 16:17:37,clear sky,0.0,0.0
238,Ponta Do Sol,32.67,-17.1,73.99,72,4,8.99,PT,2020-06-28 16:17:37,clear sky,0.0,0.0
239,Dinguiraye,11.3,-10.72,91.18,46,41,2.98,GN,2020-06-28 16:17:37,scattered clouds,0.0,0.0
240,Hamilton,39.18,-84.53,73.99,88,75,6.93,US,2020-06-28 16:13:21,broken clouds,0.0,0.0
241,Port Lincoln,-34.73,135.87,52.54,56,0,10.83,AU,2020-06-28 16:16:15,clear sky,0.0,0.0
242,Beloha,-25.17,45.05,67.12,87,0,3.78,MG,2020-06-28 16:17:37,clear sky,0.0,0.0
243,Ayagoz,47.97,80.44,57.33,43,75,8.57,KZ,2020-06-28 16:17:37,broken clouds,0.0,0.0
244,Portland,45.52,-122.68,60.01,62,75,8.05,US,2020-06-28 16:17:37,broken clouds,0.0,0.0
245,Ustka,54.58,16.86,72.9,75,100,5.14,PL,2020-06-28 16:15:10,overcast clouds,0.0,0.0
246,Santa Cruz,-17.8,-63.17,62.6,72,90,9.17,BO,2020-06-28 16:17:38,overcast clouds,0.0,0.0
247,Pangnirtung,66.15,-65.71,48.31,62,48,4.32,CA,2020-06-28 16:17:38,scattered clouds,0.0,0.0
248,Alofi,-19.06,-169.92,75.2,88,62,2.24,NU,2020-06-28 16:17:38,broken clouds,0.0,0.0
249,Waitati,-45.75,170.57,45.0,80,100,25.01,NZ,2020-06-28 16:17:38,overcast clouds,0.0,0.0
250,Darnah,32.77,22.64,76.87,71,0,19.55,LY,2020-06-28 16:17:38,clear sky,0.0,0.0
251,Bethel,41.37,-73.41,84.0,61,75,5.82,US,2020-06-28 16:17:03,broken clouds,0.0,0.0
252,Geraldton,-28.77,114.6,68.0,72,75,23.04,AU,2020-06-28 16:17:38,broken clouds,0.0,0.0
253,Saint-Paul,-21.01,55.27,71.6,78,90,12.75,RE,2020-06-28 16:17:38,overcast clouds,0.0,0.0
254,Coquimbo,-29.95,-71.34,55.4,82,75,3.36,CL,2020-06-28 16:17:38,broken clouds,0.0,0.0
255,Nkhotakota,-12.93,34.3,72.37,68,3,3.27,MW,2020-06-28 16:17:38,clear sky,0.0,0.0
256,Ixtapa,20.7,-105.2,86.0,62,75,6.93,MX,2020-06-28 16:17:38,broken clouds,0.0,0.0
257,Torbay,47.67,-52.73,68.0,87,75,8.05,CA,2020-06-28 16:17:38,broken clouds,0.0,0.0
258,Honiara,-9.43,159.95,75.2,94,40,3.36,SB,2020-06-28 16:17:38,scattered clouds,0.0,0.0
259,Vila Velha,-20.33,-40.29,77.0,65,40,14.99,BR,2020-06-28 16:16:28,scattered clouds,0.0,0.0
260,Rodrigues Alves,-7.74,-72.65,84.61,73,1,1.66,BR,2020-06-28 16:17:38,moderate rain,1.33,0.0
261,Arica,-18.48,-70.3,62.6,67,0,12.75,CL,2020-06-28 16:15:36,clear sky,0.0,0.0
262,Kamenka,51.32,42.77,81.0,47,79,3.0,RU,2020-06-28 16:17:38,moderate rain,1.37,0.0
263,Tessalit,20.2,1.01,109.87,7,23,10.78,ML,2020-06-28 16:17:38,few clouds,0.0,0.0
264,Atikokan,48.76,-91.62,83.01,33,53,8.52,CA,2020-06-28 16:17:38,broken clouds,0.0,0.0
265,Hirado,33.36,129.55,71.01,89,25,0.87,JP,2020-06-28 16:17:38,scattered clouds,0.0,0.0
266,Le Moule,16.33,-61.35,87.8,66,100,13.87,GP,2020-06-28 16:17:38,overcast clouds,0.0,0.0
267,Nhulunbuy,-12.23,136.77,73.4,83,75,6.93,AU,2020-06-28 16:17:38,broken clouds,0.0,0.0
268,Grand Gaube,-20.01,57.66,73.99,75,12,5.99,MU,2020-06-28 16:16:50,few clouds,0.0,0.0
269,Det Udom,14.91,105.08,82.4,83,20,2.24,TH,2020-06-28 16:17:39,few clouds,0.0,0.0
270,Kruisfontein,-34.0,24.73,54.34,72,5,16.15,ZA,2020-06-28 16:17:39,clear sky,0.0,0.0
271,Simiti,7.96,-73.94,84.33,71,100,3.85,CO,2020-06-28 16:17:39,light rain,0.58,0.0
272,Manaus,-3.1,-60.02,87.8,74,40,4.7,BR,2020-06-28 16:17:39,scattered clouds,0.0,0.0
273,Hibbing,47.43,-92.94,80.6,53,1,8.05,US,2020-06-28 16:17:39,clear sky,0.0,0.0
274,Lavrentiya,65.58,-171.0,38.88,81,41,9.24,RU,2020-06-28 16:17:39,scattered clouds,0.0,0.0
275,Flin Flon,54.77,-101.86,59.0,93,90,8.05,CA,2020-06-28 16:15:03,mist,0.0,0.0
276,Ambon,-3.7,128.18,79.0,14,100,6.33,ID,2020-06-28 16:17:39,light rain,0.17,0.0
277,Qui Nhon,13.77,109.23,82.8,76,100,4.36,VN,2020-06-28 16:17:39,overcast clouds,0.0,0.0
278,Aksha,50.28,113.29,60.21,89,100,0.27,RU,2020-06-28 16:17:39,overcast clouds,0.0,0.0
279,Fortuna,40.6,-124.16,57.99,82,90,12.75,US,2020-06-28 16:17:39,overcast clouds,0.0,0.0
280,Sawtell,-30.38,153.1,53.6,76,9,11.41,AU,2020-06-28 16:17:39,clear sky,0.0,0.0
281,Necochea,-38.55,-58.74,51.01,74,45,5.03,AR,2020-06-28 16:17:39,scattered clouds,0.0,0.0
282,Bengkulu,-3.8,102.27,78.03,87,40,6.06,ID,2020-06-28 16:17:39,light rain,0.31,0.0
283,Zhigalovo,54.81,105.16,59.74,88,71,1.05,RU,2020-06-28 16:17:39,broken clouds,0.0,0.0
284,Silver City,32.77,-108.28,77.0,36,1,18.34,US,2020-06-28 16:17:39,clear sky,0.0,0.0
285,Cehegin,38.09,-1.8,91.0,30,0,8.99,ES,2020-06-28 16:17:39,clear sky,0.0,0.0
286,Harper,4.38,-7.72,79.14,72,82,11.95,LR,2020-06-28 16:17:39,broken clouds,0.0,0.0
287,Pocoes,-14.53,-40.37,75.78,61,67,6.06,BR,2020-06-28 16:17:39,light rain,0.14,0.0
288,Moron,-34.65,-58.62,55.0,76,65,5.82,AR,2020-06-28 16:17:39,broken clouds,0.0,0.0
289,Zyryanskoye,56.83,86.63,56.88,65,100,8.43,RU,2020-06-28 16:17:39,overcast clouds,0.0,0.0
290,Priargunsk,50.37,119.1,61.07,63,94,3.24,RU,2020-06-28 16:17:39,overcast clouds,0.0,0.0
291,Rio Grande,-32.03,-52.1,59.0,62,0,2.24,BR,2020-06-28 16:17:27,clear sky,0.0,0.0
292,Raga,8.46,25.68,81.88,67,14,1.57,SS,2020-06-28 16:17:39,few clouds,0.0,0.0
293,Najran,17.49,44.13,96.8,18,40,11.41,SA,2020-06-28 16:17:39,scattered clouds,0.0,0.0
294,Yaring,6.87,101.37,82.4,94,75,4.7,TH,2020-06-28 16:17:39,thunderstorm,0.0,0.0
295,Belaya Gora,68.53,146.42,59.34,51,79,7.81,RU,2020-06-28 16:17:40,broken clouds,0.0,0.0
296,Locri,38.24,16.26,82.4,54,0,6.93,IT,2020-06-28 16:17:40,clear sky,0.0,0.0
297,Neiafu,-18.65,-173.98,77.0,88,75,9.17,TO,2020-06-28 16:17:40,broken clouds,0.0,0.0
298,Erzin,36.96,36.2,78.01,88,0,5.99,TR,2020-06-28 16:17:40,clear sky,0.0,0.0
299,Muriwai Beach,-36.82,174.45,48.0,91,16,5.01,NZ,2020-06-28 16:17:40,light rain,0.31,0.0
300,Zima,53.92,102.04,61.84,94,32,6.87,RU,2020-06-28 16:17:40,light rain,0.82,0.0
301,Takoradi,4.88,-1.76,78.57,84,59,13.49,GH,2020-06-28 16:17:40,light rain,0.5,0.0
302,Klaksvik,62.23,-6.59,55.4,93,96,18.34,FO,2020-06-28 16:16:45,overcast clouds,0.0,0.0
303,Tahta,26.77,31.5,100.4,13,0,16.11,EG,2020-06-28 16:17:40,clear sky,0.0,0.0
304,Iraquara,-12.25,-41.62,80.02,40,12,9.6,BR,2020-06-28 16:17:40,few clouds,0.0,0.0
305,Mega,4.05,38.3,65.43,62,6,9.35,ET,2020-06-28 16:17:40,clear sky,0.0,0.0
306,Haian,32.54,120.45,77.0,92,100,3.0,CN,2020-06-28 16:17:40,moderate rain,1.19,0.0
307,Edmundston,47.37,-68.33,69.8,73,90,4.29,CA,2020-06-28 16:17:40,overcast clouds,0.0,0.0
308,Tamiahua,21.27,-97.45,84.74,73,77,10.87,MX,2020-06-28 16:17:40,broken clouds,0.0,0.0
309,Conakry,9.54,-13.68,87.8,70,40,11.41,GN,2020-06-28 16:15:27,scattered clouds,0.0,0.0
310,Jining,35.41,116.58,73.31,77,100,6.33,CN,2020-06-28 16:17:40,light rain,0.18,0.0
311,Bilma,18.69,12.92,104.31,7,0,7.31,NE,2020-06-28 16:17:40,clear sky,0.0,0.0
312,Narsaq,60.92,-46.05,55.4,54,81,11.41,GL,2020-06-28 16:16:49,broken clouds,0.0,0.0
313,Kijang,35.24,129.21,75.2,69,13,1.12,KR,2020-06-28 16:17:40,few clouds,0.0,0.0
314,Pictou,45.68,-62.72,69.01,87,100,6.49,CA,2020-06-28 16:15:03,light rain,0.47,0.0
315,Qaqortoq,60.72,-46.03,55.4,54,70,11.41,GL,2020-06-28 16:17:41,broken clouds,0.0,0.0
316,Sohag,26.56,31.69,100.4,13,0,16.11,EG,2020-06-28 16:14:29,clear sky,0.0,0.0
317,Kudat,6.88,116.85,82.4,83,75,4.7,MY,2020-06-28 16:17:41,broken clouds,0.0,0.0
318,Norman Wells,65.28,-126.83,57.2,62,20,6.93,CA,2020-06-28 16:16:48,few clouds,0.0,0.0
319,Champerico,14.3,-91.92,86.0,70,40,6.93,GT,2020-06-28 16:17:41,scattered clouds,0.0,0.0
320,Huarmey,-10.07,-78.15,68.74,66,35,10.09,PE,2020-06-28 16:17:41,scattered clouds,0.0,0.0
321,Kamaishi,39.27,141.88,61.84,89,9,5.3,JP,2020-06-28 16:17:41,clear sky,0.0,0.0
322,Bastrop,32.76,-91.87,87.8,70,75,9.17,US,2020-06-28 16:17:41,broken clouds,0.0,0.0
323,Ayan,56.45,138.17,45.43,89,0,1.88,RU,2020-06-28 16:17:41,clear sky,0.0,0.0
324,Okitipupa,6.5,4.78,76.12,94,100,3.44,NG,2020-06-28 16:17:41,light rain,0.87,0.0
325,Chunoyar,57.45,97.32,66.83,81,100,2.64,RU,2020-06-28 16:17:41,light rain,0.21,0.0
326,Kahului,20.89,-156.47,73.0,73,1,5.82,US,2020-06-28 16:14:59,clear sky,0.0,0.0
327,Mount Isa,-20.73,139.5,60.8,48,0,5.82,AU,2020-06-28 16:17:41,clear sky,0.0,0.0
328,Uvira,-3.41,29.15,77.07,59,27,6.62,CD,2020-06-28 16:16:03,scattered clouds,0.0,0.0
329,Itupiranga,-5.13,-49.33,95.0,44,40,4.7,BR,2020-06-28 16:17:41,scattered clouds,0.0,0.0
330,Tagusao,9.19,117.81,78.73,79,100,1.54,PH,2020-06-28 16:17:41,overcast clouds,0.0,0.0
331,Zhigansk,66.77,123.37,65.37,57,0,12.08,RU,2020-06-28 16:17:41,clear sky,0.0,0.0
332,Bol,13.46,14.71,87.82,59,22,3.44,TD,2020-06-28 16:17:41,few clouds,0.0,0.0
333,La Paz,-16.5,-68.15,53.6,22,0,9.17,BO,2020-06-28 16:13:49,clear sky,0.0,0.0
334,Akyab,20.15,92.9,82.36,82,92,6.71,MM,2020-06-28 16:17:41,light rain,0.45,0.0
335,Pedra Branca,-5.45,-39.72,84.09,52,1,9.55,BR,2020-06-28 16:17:41,clear sky,0.0,0.0
336,At-Bashi,41.17,75.81,45.57,55,45,5.61,KG,2020-06-28 16:17:41,light snow,0.0,0.22
337,Thompson,55.74,-97.86,59.0,93,90,8.05,CA,2020-06-28 16:17:41,overcast clouds,0.0,0.0
338,Novi Troyany,45.94,28.86,85.19,36,49,7.72,UA,2020-06-28 16:17:41,scattered clouds,0.0,0.0
339,Saint-Augustin,51.23,-58.65,61.9,64,28,17.31,CA,2020-06-28 16:17:41,scattered clouds,0.0,0.0
340,Xinmin,41.99,122.83,71.6,83,100,2.24,CN,2020-06-28 16:17:41,overcast clouds,0.0,0.0
341,Cockburn Town,21.46,-71.14,82.27,80,5,12.62,TC,2020-06-28 16:17:41,clear sky,0.0,0.0
342,Gondanglegi,-7.75,112.01,74.91,88,0,7.96,ID,2020-06-28 16:17:41,clear sky,0.0,0.0
343,Puerto Narino,-3.77,-70.38,84.2,79,75,3.36,CO,2020-06-28 16:17:42,broken clouds,0.0,0.0
344,Katsuura,35.13,140.3,73.0,94,100,6.55,JP,2020-06-28 16:17:42,overcast clouds,0.0,0.0
345,Antsohihy,-14.88,47.99,75.27,67,0,0.98,MG,2020-06-28 16:17:42,clear sky,0.0,0.0
346,Parral,26.93,-105.67,74.1,43,99,10.4,MX,2020-06-28 16:17:42,overcast clouds,0.0,0.0
347,Salalah,17.02,54.09,86.0,84,75,14.99,OM,2020-06-28 16:16:52,broken clouds,0.0,0.0
348,Constitucion,-35.33,-72.42,54.0,93,100,15.93,CL,2020-06-28 16:17:07,moderate rain,2.31,0.0
349,Uva,56.99,52.19,55.0,65,16,1.99,RU,2020-06-28 16:17:42,light rain,0.27,0.0
350,Barentu,15.11,37.59,86.99,35,80,10.74,ER,2020-06-28 16:17:42,broken clouds,0.0,0.0
351,Liverpool,53.41,-2.98,57.99,76,75,18.34,GB,2020-06-28 16:13:05,light intensity shower rain,0.0,0.0
352,Rio Gallegos,-51.62,-69.22,23.0,85,20,9.17,AR,2020-06-28 16:13:07,few clouds,0.0,0.0
353,Griffith,41.53,-87.42,82.99,78,90,3.36,US,2020-06-28 16:17:42,light rain,0.25,0.0
354,Faro,37.02,-7.93,82.0,57,1,11.41,PT,2020-06-28 16:17:42,clear sky,0.0,0.0
355,Hasaki,35.73,140.83,68.0,100,75,2.24,JP,2020-06-28 16:13:18,fog,0.0,0.0
356,Pacific Grove,36.62,-121.92,57.99,82,90,9.17,US,2020-06-28 16:16:00,overcast clouds,0.0,0.0
357,Svetlaya,46.54,138.33,52.77,85,94,9.6,RU,2020-06-28 16:17:42,overcast clouds,0.0,0.0
358,Neuquen,-38.95,-68.06,37.4,100,90,11.41,AR,2020-06-28 16:17:42,light intensity drizzle,0.0,0.0
359,Maniitsoq,65.42,-52.9,42.37,87,78,8.1,GL,2020-06-28 16:17:42,broken clouds,0.0,0.0
360,San Vicente,-26.62,-54.13,66.99,58,52,2.46,AR,2020-06-28 16:17:42,broken clouds,0.0,0.0
361,Saskylakh,71.92,114.08,69.39,52,92,8.86,RU,2020-06-28 16:17:42,overcast clouds,0.0,0.0
362,Korla,41.76,86.15,82.0,74,66,3.0,CN,2020-06-28 16:16:54,broken clouds,0.0,0.0
363,Comodoro Rivadavia,-45.87,-67.5,37.4,87,40,1.12,AR,2020-06-28 16:17:42,scattered clouds,0.0,0.0
364,Vardo,70.37,31.11,44.6,87,75,18.34,NO,2020-06-28 16:17:42,broken clouds,0.0,0.0
365,Prudyanka,50.24,36.17,84.2,42,20,8.95,UA,2020-06-28 16:17:42,few clouds,0.0,0.0
366,Antanifotsy,-19.65,47.32,52.81,80,0,2.59,MG,2020-06-28 16:17:42,clear sky,0.0,0.0
367,Sangar,63.92,127.47,60.66,81,86,0.27,RU,2020-06-28 16:17:42,overcast clouds,0.0,0.0
368,Moerai,-22.43,-151.33,68.41,75,50,23.58,PF,2020-06-28 16:17:42,scattered clouds,0.0,0.0
369,Lanzhou,36.06,103.79,75.99,47,0,4.03,CN,2020-06-28 16:17:43,clear sky,0.0,0.0
370,Suntar,62.14,117.63,68.0,54,52,5.84,RU,2020-06-28 16:17:43,broken clouds,0.0,0.0
371,Revelstoke,50.98,-118.2,62.2,55,100,3.2,CA,2020-06-28 16:17:43,overcast clouds,0.0,0.0
372,Tonj,7.27,28.68,83.25,62,15,4.12,SS,2020-06-28 16:17:43,few clouds,0.0,0.0
373,Port Antonio,18.18,-76.46,89.6,70,20,21.92,JM,2020-06-28 16:17:43,few clouds,0.0,0.0
374,Kiunga,-6.12,141.29,73.53,98,86,1.68,PG,2020-06-28 16:17:43,moderate rain,1.63,0.0
375,Sungaipenuh,-2.08,101.38,65.55,94,56,2.84,ID,2020-06-28 16:17:43,light rain,0.25,0.0
376,Beaverlodge,55.22,-119.44,53.6,87,75,11.41,CA,2020-06-28 16:17:43,broken clouds,0.0,0.0
377,Chabahar,25.29,60.64,86.09,83,27,10.38,IR,2020-06-28 16:17:43,scattered clouds,0.0,0.0
378,Padang,-0.95,100.35,79.32,78,24,3.42,ID,2020-06-28 16:17:43,few clouds,0.0,0.0
379,Filingue,14.35,3.32,105.24,18,15,1.7,NE,2020-06-28 16:17:43,few clouds,0.0,0.0
380,Vyartsilya,62.18,30.69,64.2,40,6,6.89,RU,2020-06-28 16:17:43,clear sky,0.0,0.0
381,Longyearbyen,78.22,15.64,42.8,70,75,9.17,SJ,2020-06-28 16:13:47,broken clouds,0.0,0.0
382,Mgandu,-5.95,34.13,69.44,42,17,5.46,TZ,2020-06-28 16:17:43,few clouds,0.0,0.0
383,Akdepe,42.06,59.38,82.4,23,100,9.17,TM,2020-06-28 16:17:43,overcast clouds,0.0,0.0
384,Kuusamo,65.97,29.18,62.6,36,42,3.36,FI,2020-06-28 16:17:43,scattered clouds,0.0,0.0
385,Aswan,24.09,32.91,104.2,10,34,10.94,EG,2020-06-28 16:17:43,scattered clouds,0.0,0.0
386,Salta,-24.79,-65.41,53.6,58,0,4.7,AR,2020-06-28 16:17:43,clear sky,0.0,0.0
387,Bintulu,3.17,113.03,78.8,94,40,2.24,MY,2020-06-28 16:17:43,scattered clouds,0.0,0.0
388,Pochutla,15.74,-96.47,87.8,66,75,6.93,MX,2020-06-28 16:17:43,broken clouds,0.0,0.0
389,Hohhot,40.81,111.65,62.6,82,40,2.24,CN,2020-06-28 16:17:43,scattered clouds,0.0,0.0
390,Kuybysheve,47.36,36.65,79.68,48,1,4.14,UA,2020-06-28 16:17:43,clear sky,0.0,0.0
391,Lacombe,52.47,-113.74,54.0,81,90,11.41,CA,2020-06-28 16:15:58,overcast clouds,0.0,0.0
392,Kawalu,-7.38,108.21,72.16,90,81,0.56,ID,2020-06-28 16:17:44,broken clouds,0.0,0.0
393,Impfondo,1.64,18.07,85.68,58,97,1.68,CG,2020-06-28 16:17:44,overcast clouds,0.0,0.0
394,Reftinskiy,57.09,61.68,50.0,87,90,17.9,RU,2020-06-28 16:17:44,overcast clouds,0.0,0.0
395,Kosh-Agach,50.0,88.67,52.88,71,92,4.72,RU,2020-06-28 16:17:44,overcast clouds,0.0,0.0
396,Susangerd,31.56,48.18,109.4,11,0,11.41,IR,2020-06-28 16:17:44,clear sky,0.0,0.0
397,Balsas,-7.53,-46.04,93.22,30,2,8.05,BR,2020-06-28 16:17:44,clear sky,0.0,0.0
398,Tiznit,29.58,-9.5,85.57,32,0,9.89,MA,2020-06-28 16:17:44,clear sky,0.0,0.0
399,Lerwick,60.15,-1.15,60.8,82,20,21.92,GB,2020-06-28 16:17:44,few clouds,0.0,0.0
400,Paidha,2.42,30.99,66.11,84,0,1.97,UG,2020-06-28 16:17:44,light rain,0.18,0.0
401,San Angelo,31.46,-100.44,84.2,62,1,19.46,US,2020-06-28 16:17:44,clear sky,0.0,0.0
402,Javanrud,34.8,46.52,76.98,18,0,9.26,IR,2020-06-28 16:17:44,clear sky,0.0,0.0
403,Russell,32.35,-85.2,87.8,62,75,10.29,US,2020-06-28 16:15:08,broken clouds,0.0,0.0
404,Brigantine,39.41,-74.36,89.01,48,40,6.93,US,2020-06-28 16:17:44,scattered clouds,0.0,0.0
405,Mandera,3.94,41.87,88.48,44,33,17.43,KE,2020-06-28 16:17:44,scattered clouds,0.0,0.0
406,Buraydah,26.33,43.98,109.4,11,43,4.7,SA,2020-06-28 16:17:44,scattered clouds,0.0,0.0
407,Maneadero,31.72,-116.57,64.99,90,79,4.0,MX,2020-06-28 16:17:44,broken clouds,0.0,0.0
408,Pasco,28.29,-82.42,91.99,70,100,1.01,US,2020-06-28 16:17:44,overcast clouds,0.0,0.0
409,Half Moon Bay,37.46,-122.43,60.8,67,75,13.87,US,2020-06-28 16:17:44,broken clouds,0.0,0.0
410,Hofn,64.25,-15.21,62.6,63,75,21.92,IS,2020-06-28 16:17:44,shower rain,0.0,0.0
411,Pathein,16.78,94.73,76.77,87,52,2.26,MM,2020-06-28 16:17:44,broken clouds,0.0,0.0
412,Kidal,18.44,1.41,110.07,6,20,15.14,ML,2020-06-28 16:17:44,few clouds,0.0,0.0
413,Nanga Eboko,4.68,12.37,80.19,71,89,2.93,CM,2020-06-28 16:17:44,light rain,0.26,0.0
414,Petatlan,17.52,-101.27,87.8,62,40,3.8,MX,2020-06-28 16:17:45,scattered clouds,0.0,0.0
415,Jibuti,11.5,42.5,96.8,37,1,3.36,DJ,2020-06-28 16:17:45,clear sky,0.0,0.0
416,Buala,-8.14,159.59,80.44,77,28,3.6,SB,2020-06-28 16:17:45,scattered clouds,0.0,0.0
417,Mantua,45.17,10.78,91.99,42,9,1.99,IT,2020-06-28 16:16:23,clear sky,0.0,0.0
418,Jonesboro,35.84,-90.7,84.2,70,20,14.29,US,2020-06-28 16:17:45,few clouds,0.0,0.0
419,Ahuimanu,21.44,-157.84,75.2,73,40,4.7,US,2020-06-28 16:17:45,scattered clouds,0.0,0.0
420,Ovsyanka,55.96,92.55,68.0,56,40,8.95,RU,2020-06-28 16:17:45,scattered clouds,0.0,0.0
421,Hobyo,5.35,48.53,79.93,75,48,24.38,SO,2020-06-28 16:17:45,scattered clouds,0.0,0.0
422,Ostrovnoy,68.05,39.51,43.18,75,91,6.22,RU,2020-06-28 16:16:46,overcast clouds,0.0,0.0
423,Lata,40.16,-8.33,84.0,53,0,11.23,PT,2020-06-28 16:17:45,clear sky,0.0,0.0
424,Jalu,29.03,21.55,95.68,16,0,13.51,LY,2020-06-28 16:17:45,clear sky,0.0,0.0
425,Zhangjiakou,40.81,114.88,68.67,70,91,2.51,CN,2020-06-28 16:17:45,overcast clouds,0.0,0.0
426,Islamkot,24.7,70.18,88.97,62,12,22.86,PK,2020-06-28 16:17:45,few clouds,0.0,0.0
427,San Luis,-33.3,-66.34,54.93,40,22,10.56,AR,2020-06-28 16:14:08,few clouds,0.0,0.0
428,Shirokiy,49.76,129.52,60.66,95,100,4.68,RU,2020-06-28 16:17:45,overcast clouds,0.0,0.0
429,Solnechnyy,50.72,136.63,55.62,87,41,5.73,RU,2020-06-28 16:17:45,scattered clouds,0.0,0.0
430,Gumdag,39.21,54.59,84.99,14,100,13.22,TM,2020-06-28 16:17:45,overcast clouds,0.0,0.0
431,Miastko,54.0,16.98,84.0,59,91,5.91,PL,2020-06-28 16:17:45,moderate rain,1.13,0.0
432,Maarianhamina,60.1,19.93,78.8,47,21,8.05,AX,2020-06-28 16:17:45,few clouds,0.0,0.0
433,Kutum,14.2,24.67,91.76,18,97,8.72,SD,2020-06-28 16:17:45,overcast clouds,0.0,0.0
434,Khani,41.96,42.96,78.8,65,40,13.87,GE,2020-06-28 16:17:45,scattered clouds,0.0,0.0
435,Olafsvik,64.89,-23.71,54.46,82,97,5.7,IS,2020-06-28 16:17:45,overcast clouds,0.0,0.0
436,Seydi,39.48,62.91,78.82,16,7,10.38,TM,2020-06-28 16:17:45,clear sky,0.0,0.0
437,Nuuk,64.18,-51.72,50.0,61,20,6.93,GL,2020-06-28 16:15:06,few clouds,0.0,0.0
438,Rong Kwang,18.34,100.32,76.68,87,39,2.06,TH,2020-06-28 16:17:45,scattered clouds,0.0,0.0
439,Dobric,44.7,19.58,91.0,44,88,2.17,RS,2020-06-28 16:17:45,overcast clouds,0.0,0.0
440,Avera,33.19,-82.53,89.6,59,1,10.29,US,2020-06-28 16:16:54,clear sky,0.0,0.0
441,Gazojak,41.19,61.4,77.58,17,76,7.23,TM,2020-06-28 16:17:46,broken clouds,0.0,0.0
442,Shenjiamen,29.96,122.3,75.94,95,100,16.13,CN,2020-06-28 16:17:46,overcast clouds,0.0,0.0
443,Madang,-5.22,145.8,75.99,89,83,3.47,PG,2020-06-28 16:17:46,broken clouds,0.0,0.0
444,Collie,-33.37,116.15,50.0,83,98,11.01,AU,2020-06-28 16:17:46,heavy intensity rain,4.31,0.0
445,Chieri,45.01,7.82,89.01,45,40,5.82,IT,2020-06-28 16:17:46,scattered clouds,0.0,0.0
446,Gat,31.61,34.76,84.0,65,20,8.05,IL,2020-06-28 16:17:46,few clouds,0.0,0.0
447,Balingasay,16.36,119.86,78.6,89,100,8.23,PH,2020-06-28 16:17:46,moderate rain,1.95,0.0
448,Puerto Ayacucho,5.66,-67.62,77.0,89,100,1.63,VE,2020-06-28 16:17:46,light rain,0.22,0.0
449,Port Augusta,-32.5,137.77,39.99,86,0,3.36,AU,2020-06-28 16:17:46,clear sky,0.0,0.0
450,Milkovo,54.72,158.62,50.25,78,1,1.1,RU,2020-06-28 16:17:46,clear sky,0.0,0.0
451,Nara,34.69,135.8,71.01,70,15,3.0,JP,2020-06-28 16:17:46,few clouds,0.0,0.0
452,Vradiyivka,47.86,30.59,83.05,54,23,6.93,UA,2020-06-28 16:17:46,few clouds,0.0,0.0
453,Yar-Sale,66.83,70.83,53.56,61,78,6.08,RU,2020-06-28 16:17:46,broken clouds,0.0,0.0
454,Tchibanga,-2.85,11.03,79.75,64,29,8.63,GA,2020-06-28 16:17:46,scattered clouds,0.0,0.0
455,Shieli,44.17,66.75,66.79,31,0,5.59,KZ,2020-06-28 16:17:46,clear sky,0.0,0.0
456,Wakkanai,45.41,141.67,52.99,94,100,20.33,JP,2020-06-28 16:17:46,overcast clouds,0.0,0.0
457,Kibre Mengist,5.88,38.98,62.33,92,70,1.95,ET,2020-06-28 16:17:46,light rain,0.65,0.0
458,Rosarito,32.33,-117.03,64.99,77,90,6.93,MX,2020-06-28 16:17:46,overcast clouds,0.0,0.0
459,Yigou,35.81,114.32,74.43,81,100,11.1,CN,2020-06-28 16:17:46,overcast clouds,0.0,0.0
460,Port Blair,11.67,92.75,83.32,78,100,9.4,IN,2020-06-28 16:14:34,overcast clouds,0.0,0.0
461,Inhambane,-23.86,35.38,82.4,30,0,10.11,MZ,2020-06-28 16:16:46,clear sky,0.0,0.0
462,Shimoda,34.67,138.95,64.0,95,87,6.76,JP,2020-06-28 16:17:46,overcast clouds,0.0,0.0
463,Anadyr,64.75,177.48,35.01,80,20,4.47,RU,2020-06-28 16:17:46,few clouds,0.0,0.0
464,Vac,47.78,19.14,91.99,55,0,1.99,HU,2020-06-28 16:17:46,clear sky,0.0,0.0
465,Okhotsk,59.38,143.3,46.94,88,1,5.23,RU,2020-06-28 16:17:46,clear sky,0.0,0.0
466,Kasongo-Lunda,-6.47,16.82,89.91,25,26,2.33,CD,2020-06-28 16:17:46,scattered clouds,0.0,0.0
467,Leipzig,51.34,12.38,75.99,47,40,16.11,DE,2020-06-28 16:17:46,scattered clouds,0.0,0.0
468,Sacramento,38.47,-121.32,66.99,59,5,19.46,US,2020-06-28 16:15:05,clear sky,0.0,0.0
469,Stodolishche,54.19,32.65,70.11,87,95,4.92,RU,2020-06-28 16:17:46,light rain,0.51,0.0
470,Vawkavysk,53.16,24.45,74.52,75,1,8.25,BY,2020-06-28 16:17:47,clear sky,0.0,0.0
471,Mae Sot,16.72,98.57,73.87,90,22,2.48,TH,2020-06-28 16:17:08,few clouds,0.0,0.0
472,Nha Trang,12.25,109.18,82.4,74,40,2.24,VN,2020-06-28 16:17:47,scattered clouds,0.0,0.0
473,Fenton,42.8,-83.7,82.4,45,1,4.7,US,2020-06-28 16:17:47,clear sky,0.0,0.0
474,Novaya Zaimka,56.49,66.92,52.48,93,93,6.26,RU,2020-06-28 16:17:47,light rain,0.2,0.0
475,Kalmunai,7.42,81.82,84.69,75,95,4.34,LK,2020-06-28 16:17:09,overcast clouds,0.0,0.0
476,Basti,26.8,82.72,80.94,83,56,12.12,IN,2020-06-28 16:17:47,broken clouds,0.0,0.0
477,Mishelevka,52.86,103.17,62.06,89,53,7.25,RU,2020-06-28 16:17:47,light rain,0.78,0.0
478,Tongliao,43.61,122.27,75.6,41,80,11.21,CN,2020-06-28 16:17:47,broken clouds,0.0,0.0
479,Abha,18.22,42.51,87.8,11,75,13.87,SA,2020-06-28 16:17:47,broken clouds,0.0,0.0
480,Kostomuksha,64.57,30.58,61.95,42,37,5.37,RU,2020-06-28 16:17:47,scattered clouds,0.0,0.0
481,Itoman,26.12,127.67,82.4,94,40,11.41,JP,2020-06-28 16:17:08,scattered clouds,0.0,0.0
482,Tazovskiy,67.47,78.7,54.86,95,94,8.52,RU,2020-06-28 16:17:47,moderate rain,1.62,0.0
483,Vuktyl,63.86,57.31,47.5,67,85,12.01,RU,2020-06-28 16:17:47,overcast clouds,0.0,0.0
484,Brignoles,43.4,6.07,91.4,29,0,9.17,FR,2020-06-28 16:17:47,clear sky,0.0,0.0
485,Tinton Falls,40.3,-74.1,84.99,66,1,6.93,US,2020-06-28 16:17:47,clear sky,0.0,0.0
486,Shingu,33.73,135.98,68.52,84,77,6.42,JP,2020-06-28 16:17:47,broken clouds,0.0,0.0
487,Dubbo,-32.25,148.62,41.0,93,0,9.17,AU,2020-06-28 16:17:47,clear sky,0.0,0.0
488,Huanren,41.26,125.37,62.42,83,83,0.38,CN,2020-06-28 16:17:47,broken clouds,0.0,0.0
489,Fare,-16.7,-151.02,76.75,76,48,23.0,PF,2020-06-28 16:17:47,scattered clouds,0.0,0.0
490,Erenhot,43.65,111.98,68.09,58,64,20.31,CN,2020-06-28 16:17:47,light rain,0.69,0.0
491,Balkhash,46.84,74.98,64.67,47,1,11.43,KZ,2020-06-28 16:17:47,clear sky,0.0,0.0
492,Gushikawa,26.35,127.87,82.4,88,1,12.75,JP,2020-06-28 16:17:48,clear sky,0.0,0.0
493,San Cristobal,7.77,-72.22,87.8,45,40,20.8,VE,2020-06-28 16:17:48,scattered clouds,0.0,0.0
494,San Jose,37.34,-121.89,64.99,67,75,14.99,US,2020-06-28 16:16:42,broken clouds,0.0,0.0
495,La Palma,33.85,-118.05,68.0,72,90,5.82,US,2020-06-28 16:15:45,overcast clouds,0.0,0.0
496,Masingbi,8.78,-11.95,82.42,78,92,3.36,SL,2020-06-28 16:17:48,light rain,0.16,0.0
497,Berlevag,70.86,29.09,42.8,87,90,10.29,NO,2020-06-28 16:16:52,light intensity shower rain,0.0,0.0
498,Ponta Delgada,37.73,-25.67,71.6,83,40,6.93,PT,2020-06-28 16:17:47,scattered clouds,0.0,0.0
499,Bantou,26.22,117.49,78.24,76,100,2.13,CN,2020-06-28 16:17:48,overcast clouds,0.0,0.0
500,Wenchi,7.74,-2.1,82.27,78,55,3.27,GH,2020-06-28 16:17:48,moderate rain,1.02,0.0
501,Harstad,68.8,16.53,66.2,52,90,17.22,NO,2020-06-28 16:17:48,overcast clouds,0.0,0.0
502,Garden City,42.33,-83.33,82.99,54,75,4.7,US,2020-06-28 16:15:00,broken clouds,0.0,0.0
503,Masakin,35.73,10.58,82.4,65,0,13.87,TN,2020-06-28 16:17:48,clear sky,0.0,0.0
504,Vila Franca Do Campo,37.72,-25.43,71.6,83,40,6.93,PT,2020-06-28 16:17:48,scattered clouds,0.0,0.0
505,Siniscola,40.57,9.69,86.0,30,0,8.05,IT,2020-06-28 16:17:48,clear sky,0.0,0.0
506,Dryden,49.78,-92.75,78.8,50,1,10.29,CA,2020-06-28 16:17:48,clear sky,0.0,0.0
507,Bereda,43.27,-7.54,70.0,84,91,7.0,ES,2020-06-28 16:17:48,overcast clouds,0.0,0.0
508,Clonakilty,51.62,-8.87,59.0,62,75,17.22,IE,2020-06-28 16:17:48,broken clouds,0.0,0.0
509,Mana,5.66,-53.78,83.37,74,51,4.29,GF,2020-06-28 16:11:11,light rain,0.69,0.0
510,Batagay,67.63,134.63,63.97,69,63,4.05,RU,2020-06-28 16:17:05,broken clouds,0.0,0.0
511,Rocha,-34.48,-54.33,53.78,69,37,5.97,UY,2020-06-28 16:16:59,scattered clouds,0.0,0.0
512,Honningsvag,70.98,25.97,42.8,87,75,10.29,NO,2020-06-28 16:17:48,broken clouds,0.0,0.0
513,Tauranga,-37.69,176.17,48.0,92,4,1.01,NZ,2020-06-28 16:15:21,clear sky,0.0,0.0
514,Ouadda,8.08,22.4,77.52,84,29,3.29,CF,2020-06-28 16:17:48,moderate rain,2.73,0.0
515,Lufilufi,-13.87,-171.6,80.85,74,19,20.02,WS,2020-06-28 16:17:48,few clouds,0.0,0.0
516,Muros,42.78,-9.06,66.0,92,89,8.01,ES,2020-06-28 16:17:48,overcast clouds,0.0,0.0
517,Nikolayevsk-Na-Amure,53.14,140.73,47.37,90,97,2.66,RU,2020-06-28 16:17:48,overcast clouds,0.0,0.0
518,Whitehorse,60.72,-135.05,57.99,62,40,3.36,CA,2020-06-28 16:14:37,scattered clouds,0.0,0.0
519,San Andres,12.58,-81.7,86.0,79,75,12.75,CO,2020-06-28 16:17:48,broken clouds,0.0,0.0
520,Krasnoborsk,61.56,45.93,50.92,55,62,8.97,RU,2020-06-28 16:17:48,broken clouds,0.0,0.0
521,Nizwa,22.93,57.53,96.08,31,73,1.86,OM,2020-06-28 16:17:33,broken clouds,0.0,0.0
522,Ascension,30.22,-90.9,89.01,70,1,6.93,US,2020-06-28 16:17:48,light rain,0.25,0.0
523,Sergeyevka,53.88,67.42,55.67,81,18,10.33,KZ,2020-06-28 16:17:49,few clouds,0.0,0.0
524,Moose Factory,51.26,-80.61,66.2,72,1,5.82,CA,2020-06-28 16:17:49,clear sky,0.0,0.0
525,Neyshabur,36.21,58.8,75.47,18,0,10.29,IR,2020-06-28 16:17:49,clear sky,0.0,0.0
526,Kirchbichl,47.51,12.1,80.6,47,20,9.17,AT,2020-06-28 16:17:49,few clouds,0.0,0.0
527,Krasnoselkup,65.7,82.47,62.44,90,91,10.27,RU,2020-06-28 16:17:49,light rain,0.94,0.0
528,Saint-Ambroise,48.55,-71.33,68.0,82,75,6.93,CA,2020-06-28 16:17:49,broken clouds,0.0,0.0
529,Daru,-9.08,143.21,77.85,86,97,15.39,PG,2020-06-28 16:17:49,light rain,0.14,0.0
530,Ribeira Brava,32.65,-17.07,73.99,77,4,3.0,PT,2020-06-28 16:17:49,clear sky,0.0,0.0
531,Komsomolskiy,40.43,71.72,75.2,22,0,6.93,UZ,2020-06-28 16:16:50,clear sky,0.0,0.0
532,Oriximina,-1.77,-55.87,83.7,79,26,5.1,BR,2020-06-28 16:17:49,light rain,0.93,0.0
533,Kemijarvi,66.71,27.43,65.41,34,85,3.62,FI,2020-06-28 16:17:49,overcast clouds,0.0,0.0
534,Saint George,37.1,-113.58,91.4,18,1,16.11,US,2020-06-28 16:16:25,clear sky,0.0,0.0
535,Marrakesh,31.63,-8.01,96.8,25,0,5.82,MA,2020-06-28 16:15:48,clear sky,0.0,0.0
536,Sisimiut,66.94,-53.67,42.17,82,99,8.3,GL,2020-06-28 16:17:49,overcast clouds,0.0,0.0
537,Santona,43.44,-3.46,78.8,69,75,9.17,ES,2020-06-28 16:17:49,broken clouds,0.0,0.0
538,Lastoursville,-0.81,12.73,88.54,53,55,1.74,GA,2020-06-28 16:17:49,broken clouds,0.0,0.0
539,Waingapu,-9.66,120.26,74.93,81,98,10.42,ID,2020-06-28 16:17:49,overcast clouds,0.0,0.0
540,Zainsk,55.32,52.07,59.0,62,75,6.71,RU,2020-06-28 16:17:49,broken clouds,0.0,0.0
541,Santa Rosa,14.31,121.11,79.0,94,90,2.24,PH,2020-06-28 16:17:49,overcast clouds,0.0,0.0
542,Sola,-13.88,167.55,77.0,100,90,15.59,VU,2020-06-28 16:17:49,overcast clouds,0.0,0.0
543,Dawei,14.08,98.2,78.64,84,99,1.88,MM,2020-06-28 16:17:49,overcast clouds,0.0,0.0
544,Karachi,24.91,67.08,89.6,62,40,21.92,PK,2020-06-28 16:16:11,scattered clouds,0.0,0.0
